1754598170.558196,uwb,3,0.8442639708518982,8125,1379,7225,7325,6019,56,1996,120,47649
1754598170.6703644,uwb,3,0.8395739793777466,8126,1636,7713,7470,7185,64,1887,120,48087
1754598170.802563,uwb,3,0.8114320039749146,8127,1477,7754,7489,4187,60,2323,123,47738
1754598170.9147313,uwb,3,0.8020510077476501,8128,1470,7206,7310,7110,60,1826,116,47706
1754598171.0459282,uwb,3,0.8677160143852234,8129,1627,6929,7844,7516,64,2146,121,47944
1754598171.1580966,uwb,3,0.7692189812660217,8130,1661,7296,7477,6735,68,1895,119,47836
1754598171.2892935,uwb,3,0.8020510077476501,8131,1636,7183,7498,6976,64,1969,117,48020
1754598171.401462,uwb,3,0.8020510077476501,8132,1533,7869,8163,7371,60,2277,123,47966
1754598171.532659,uwb,3,0.8020510077476501,8133,1278,7138,7637,7092,52,1941,120,47697
1754598171.6448274,uwb,3,0.8161219954490662,8134,1762,7527,7769,7332,72,2124,122,48091
1754598171.7760243,uwb,3,0.8114320039749146,8135,1533,7143,7743,7415,60,1894,118,47771
1754598171.888193,uwb,3,0.8255029916763306,8136,1316,7105,7292,6580,56,1939,122,47708
1754598172.0193896,uwb,3,0.834883987903595,8137,1279,7063,7621,7374,52,2065,122,47941
1754598172.1315582,uwb,3,0.7692189812660217,8138,2020,7478,7968,7522,80,1980,119,47837
1754598172.2627552,uwb,3,0.8020510077476501,8139,1471,7467,7143,6954,60,1771,119,48019
1754598172.3749235,uwb,3,0.8208119869232178,8140,1695,7703,7944,7366,64,2050,117,47965
1754598172.5061204,uwb,3,0.8114320039749146,8141,1470,7593,7788,6713,60,2148,123,47646
1754598172.618289,uwb,3,0.8161219954490662,8142,1423,7262,7808,7170,56,2090,119,48072
1754598172.749486,uwb,3,0.8301929831504822,8143,1522,7627,8080,7434,60,1977,121,47704
1754598172.8616543,uwb,3,0.8020510077476501,8144,1529,7458,8085,7737,60,2024,123,47701
1754598172.9938526,uwb,3,0.8020510077476501,8145,1432,7206,7870,7530,56,1936,119,47961
1754598173.1060212,uwb,3,0.7739089727401733,8146,1563,7502,7744,7514,64,2031,121,47897
1754598173.2372181,uwb,3,0.7879800200462341,8147,1180,7725,6803,3881,48,2074,124,47609
1754598173.3493865,uwb,3,0.8255029916763306,8148,1336,7870,8210,7370,52,2325,123,47582
1754598173.747985,uwb,3,0.7645279765129089,8149,1525,7640,7811,5422,60,2161,121,47789
1754598174.5051217,uwb,3,0.8067409992218018,8150,1464,6949,7373,7144,60,1765,117,47946
1754598174.861657,uwb,3,0.872406005859375,8151,1540,7922,7486,5547,60,2162,119,47786
1754598174.9738252,uwb,3,0.834883987903595,8152,943,7223,7002,4050,40,1749,118,47672
1754598175.0859938,uwb,3,0.7785990238189697,8153,1829,7336,7998,8098,72,2020,122,47892
1754598175.1991637,uwb,3,0.8208119869232178,8154,1846,7524,7479,7805,76,1975,122,47695
1754598175.5526943,uwb,3,0.8630260229110718,8155,1032,6850,7451,6531,40,1600,116,47776
1754598175.6858943,uwb,3,0.8442639708518982,8156,1269,6349,7458,7140,52,1603,119,47881
1754598175.7980628,uwb,3,0.858335018157959,8157,1288,7623,7510,5135,52,2048,122,47726
1754598175.9292598,uwb,3,0.858335018157959,8158,1228,7405,7894,6500,48,1824,122,47843
1754598176.041428,uwb,3,0.8208119869232178,8159,1629,7065,7851,7944,64,1916,119,47637
1754598176.172625,uwb,3,0.848954975605011,8160,1129,7630,7321,4204,44,2050,123,47736
1754598176.2847934,uwb,3,0.8536450266838074,8161,1624,7371,7885,7371,64,1935,119,48089
1754598176.4159904,uwb,3,0.8770970106124878,8162,1340,7779,8103,7068,52,2308,123,47713
1754598176.528159,uwb,3,0.8161219954490662,8163,1568,7312,7391,7038,64,1721,118,48017
1754598176.6593559,uwb,3,0.9005489945411682,8164,1619,7404,7823,6473,64,2262,121,48098
1754598176.7715242,uwb,3,0.8301929831504822,8165,1178,7357,7237,7109,48,1754,117,47939
1754598176.9027212,uwb,3,0.8301929831504822,8166,1426,7255,7869,7069,56,1923,120,48092
1754598177.0148897,uwb,3,0.8442639708518982,8167,1002,7595,7436,5255,40,2059,122,47852
1754598177.1460865,uwb,3,0.8911679983139038,8168,1185,7044,7087,4132,48,1764,117,47927
1754598177.258255,uwb,3,0.8630260229110718,8169,1084,7724,7289,4368,44,2082,121,47733
1754598177.389452,uwb,3,0.8630260229110718,8170,1026,6948,7660,5988,40,1790,117,47846
1754598177.502622,uwb,3,0.8114320039749146,8171,1275,7320,7169,4948,52,1992,116,48110
1754598177.6338189,uwb,3,0.8301929831504822,8172,1175,8214,7780,5295,44,2210,121,47662
1754598177.7459872,uwb,3,0.834883987903595,8173,1128,7138,7688,7404,44,2070,120,47960
1754598177.8771842,uwb,3,0.8067409992218018,8174,1626,7847,7597,7446,64,1960,121,48075
1754598177.9893527,uwb,3,0.8020510077476501,8175,1829,7742,7780,7944,72,2015,121,47817
1754598178.1205494,uwb,3,0.8067409992218018,8176,1654,7715,7770,7389,68,1996,122,47877
1754598178.232718,uwb,3,0.834883987903595,8177,1275,7253,7106,6127,52,2154,119,47650
1754598178.363915,uwb,3,0.7692189812660217,8178,1430,7753,7729,7199,56,1899,117,47758
1754598178.4760833,uwb,3,0.8770970106124878,8179,1372,7750,7747,4410,56,1930,121,47992
1754598178.6072803,uwb,3,0.8208119869232178,8180,1529,8042,7945,7066,60,2288,122,48030
1754598178.7204502,uwb,3,0.8020510077476501,8181,1277,7567,7413,4769,52,2053,122,47794
1754598178.8516471,uwb,3,0.8255029916763306,8182,1537,7261,7826,7550,60,1841,119,49940
1754598178.9638155,uwb,3,0.9005489945411682,8183,1092,7055,6935,4403,44,1810,117,48114
1754598179.096014,uwb,3,0.8536450266838074,8184,1530,7377,8115,7642,60,1988,121,47625
1754598179.2081823,uwb,3,0.8020510077476501,8185,1324,7397,7430,7210,56,1898,122,47876
1754598179.3393793,uwb,3,0.8161219954490662,8186,1429,7964,7456,4969,56,2306,122,47920
1754598179.4515479,uwb,3,0.9193099737167358,8187,502,7134,7638,6020,20,1364,122,47652
1754598179.5817432,uwb,3,0.858335018157959,8188,1403,7377,7000,4263,60,1970,120,47605
1754598179.6939118,uwb,3,0.8536450266838074,8189,1272,7448,7420,5136,52,2001,117,47853
1754598179.8261101,uwb,3,0.7598379850387573,8190,1529,7042,7637,7564,60,1805,117,47896
1754598179.9382784,uwb,3,0.8114320039749146,8191,1698,7763,8041,7499,64,2129,119,48094
1754598180.0694754,uwb,3,0.8208119869232178,8192,1486,7445,7908,7667,56,1994,117,48087
1754598180.1549916,uwb,3,0.7879800200462341,8193,1591,7782,8262,8214,60,2166,123,47826
1754598180.2855787,uwb,3,0.8020510077476501,8194,1629,7658,7512,7640,64,1943,119,47884
1754598180.395547,uwb,3,0.8067409992218018,8195,1434,7271,7657,7427,56,1767,119,48083
1754598180.525152,uwb,3,0.848954975605011,8196,1729,7681,8100,7682,68,2026,122,48082
1754598180.6351202,uwb,3,0.8395739793777466,8197,1368,7756,7583,4584,56,2021,121,47797
1754598180.7637434,uwb,3,0.7879800200462341,8198,1729,7505,8093,8106,68,2114,123,47829
1754598180.8737116,uwb,3,0.834883987903595,8199,1563,6736,7292,7343,64,1785,117,48020
1754598181.0023348,uwb,3,0.8020510077476501,8200,1636,7858,7629,7022,64,1906,121,48015
1754598181.112303,uwb,3,0.8442639708518982,8201,1128,8022,7745,4770,44,2144,124,47732
1754598181.2409263,uwb,3,0.7832900285720825,8202,1440,7294,7794,8089,56,2003,123,47755
1754598181.3508945,uwb,3,0.8395739793777466,8203,1530,7300,7679,7270,60,1791,116,47951
1754598181.4795177,uwb,3,0.8020510077476501,8204,1123,6776,7535,6604,44,1625,116,47904
1754598181.589486,uwb,3,0.834883987903595,8205,1470,7465,7127,7295,60,1838,117,47633
1754598181.7181091,uwb,3,0.8630260229110718,8206,1426,7579,7981,6582,56,2251,121,47652
1754598181.8280773,uwb,3,0.8817870020866394,8207,1428,7508,7457,7175,56,2082,117,47833
1754598181.9567008,uwb,3,0.8161219954490662,8208,1737,7232,8018,7946,68,1983,121,47819
1754598182.0666687,uwb,3,0.8255029916763306,8209,1085,7208,7358,4008,44,1577,116,48060
1754598182.1952922,uwb,3,0.8630260229110718,8210,1464,7601,7195,3933,60,1973,119,48059
1754598182.3052602,uwb,3,0.858335018157959,8211,1135,7223,6823,4508,44,1925,117,47728
1754598182.4338837,uwb,3,0.7926700115203857,8212,1693,7201,8030,7805,64,1980,119,47704
1754598182.5438516,uwb,3,0.8770970106124878,8213,1366,7344,7223,4052,56,1893,117,47929
1754598182.672475,uwb,3,0.7785990238189697,8214,1632,7494,7836,7935,64,2030,122,47942
1754598182.782443,uwb,3,0.8255029916763306,8215,1177,7602,7227,4500,48,2073,123,47603
1754598182.9110665,uwb,3,0.8114320039749146,8216,1569,7619,7410,6946,64,1867,119,48087
1754598183.0210345,uwb,3,0.8911679983139038,8217,1223,7689,7817,5612,48,2171,120,47787
1754598183.149658,uwb,3,0.858335018157959,8218,1325,7661,7558,4962,52,2132,116,47792
1754598183.259626,uwb,3,0.834883987903595,8219,1338,7311,7877,7351,52,2035,119,47962
1754598183.3882494,uwb,3,0.9052389860153198,8220,1185,7230,6995,4902,48,1982,121,47917
1754598183.4982173,uwb,3,0.834883987903595,8221,1534,7476,7505,7420,60,1878,117,47632
1754598183.6278226,uwb,3,0.8536450266838074,8222,1179,7242,7354,6345,48,2139,118,47648
1754598183.7377906,uwb,3,0.8020510077476501,8223,1338,7897,7826,7083,52,2181,119,47838
1754598183.866414,uwb,3,0.8536450266838074,8224,1430,8008,7689,4220,56,1994,120,47802
1754598183.976382,uwb,3,0.8255029916763306,8225,1331,7311,7171,7153,56,1831,119,48017
1754598184.1050055,uwb,3,0.8208119869232178,8226,1341,7727,8089,7415,52,2029,121,48026
1754598184.2149734,uwb,3,0.858335018157959,8227,1531,7907,7441,4848,60,2087,119,47665
1754598184.343597,uwb,3,0.7973610162734985,8228,1624,7124,7506,7438,64,1714,117,47636
1754598184.4535651,uwb,3,0.872406005859375,8229,1090,7494,7409,6150,44,2225,119,47844
1754598184.5821884,uwb,3,0.8817870020866394,8230,1310,7564,7028,3914,56,1895,122,47866
1754598184.6921566,uwb,3,0.8161219954490662,8231,1373,7249,7745,7025,56,2349,122,48030
1754598184.8207798,uwb,3,0.8442639708518982,8232,1726,7150,7961,8090,68,1975,122,48018
1754598184.930748,uwb,3,0.8630260229110718,8233,1081,7360,7159,4328,44,1868,118,47733
1754598185.0593712,uwb,3,0.8630260229110718,8234,1278,7620,7777,7062,52,1930,123,47751
1754598185.1693394,uwb,3,0.8677160143852234,8235,1517,7469,7352,6046,60,2122,116,47908
1754598185.2979627,uwb,3,0.8255029916763306,8236,1363,7554,7614,7132,56,1821,121,47886
1754598185.4079309,uwb,3,0.8630260229110718,8237,1731,7534,7759,7195,68,1884,116,48089
1754598185.536554,uwb,3,0.858335018157959,8238,1335,7763,7939,7488,52,2179,121,48090
1754598185.6465223,uwb,3,0.8442639708518982,8239,1746,7417,7373,7217,72,1773,116,47753
1754598185.7761273,uwb,3,0.834883987903595,8240,1089,7405,7674,7064,44,2198,120,47707
1754598185.8860955,uwb,3,0.8442639708518982,8241,1559,7435,7286,4277,64,1949,119,47926
1754598186.0147188,uwb,3,0.8395739793777466,8242,1183,7686,7124,3968,48,1956,122,47930
1754598186.124687,uwb,3,0.8301929831504822,8243,1181,7202,7385,6192,48,2060,117,48099
1754598186.2533102,uwb,3,0.8817870020866394,8244,1490,7235,7174,6788,64,1717,118,48071
1754598186.3632784,uwb,3,0.8067409992218018,8245,1471,7082,7368,7627,60,1869,120,47760
1754598186.4919016,uwb,3,0.7879800200462341,8246,1566,7033,7335,6702,64,1994,117,47774
1754598186.6018698,uwb,3,0.7973610162734985,8247,1779,7228,7133,7178,76,1902,118,47959
1754598186.7304933,uwb,3,0.9052389860153198,8248,1274,7485,7643,5821,52,2300,124,47913
1754598186.8404613,uwb,3,0.8301929831504822,8249,1374,6598,7369,7398,56,1792,117,47635
1754598186.9690847,uwb,3,0.8161219954490662,8250,1326,7746,7762,6070,52,2056,117,47654
1754598187.0790527,uwb,3,0.7645279765129089,8251,1632,7865,7668,7082,64,2069,121,47833
1754598187.2076762,uwb,3,0.8770970106124878,8252,992,7638,7338,5675,40,2180,123,47784
1754598187.3176441,uwb,3,0.8161219954490662,8253,1472,7689,7748,7414,60,2024,122,48022
1754598187.4472494,uwb,3,0.8817870020866394,8254,520,4985,7706,6911,20,1283,118,48081
1754598187.5572174,uwb,3,0.8770970106124878,8255,1329,7980,7878,5426,52,2049,119,47725
1754598187.6858408,uwb,3,0.858335018157959,8256,2045,7563,7634,7135,84,1980,121,47704
1754598187.7958088,uwb,3,0.8161219954490662,8257,1623,7586,8098,7582,64,2050,122,47940
1754598187.9244323,uwb,3,0.8161219954490662,8258,1235,7147,7840,7639,48,2093,121,47959
1754598188.0344002,uwb,3,0.8395739793777466,8259,1538,7698,7671,7899,60,2003,121,47628
1754598188.1630237,uwb,3,0.8770970106124878,8260,1466,7360,7168,5967,60,2151,119,48100
1754598188.2729917,uwb,3,0.8301929831504822,8261,1408,7300,7278,7219,60,1759,118,47826
1754598188.4016151,uwb,3,0.7973610162734985,8262,1703,8141,8259,7081,64,2172,123,47841
1754598188.5125651,uwb,3,0.8255029916763306,8263,1728,7761,7912,8154,68,2089,123,48005
1754598188.6411884,uwb,3,0.8020510077476501,8264,1086,7277,7196,6348,44,2058,116,47966
1754598188.7511566,uwb,3,0.8442639708518982,8265,1632,7958,7766,6943,64,1944,122,47701
1754598188.8797798,uwb,3,0.8255029916763306,8266,1367,7566,7193,5635,56,2166,123,47719
1754598188.989748,uwb,3,0.8395739793777466,8267,1386,7143,7936,7609,52,2110,118,47898
1754598189.1183712,uwb,3,0.858335018157959,8268,1465,7670,7589,7198,60,1881,123,47882
1754598189.2283394,uwb,3,0.858335018157959,8269,1532,7685,7270,5647,60,2084,118,48103
1754598189.3569627,uwb,3,0.8817870020866394,8270,1369,7738,7059,4080,56,2014,124,47608
1754598189.4669309,uwb,3,0.8630260229110718,8271,1227,6787,7456,5995,48,1639,116,47780
1754598189.595554,uwb,3,0.7785990238189697,8272,2229,7353,7932,8122,88,2043,122,47753
1754598189.7055223,uwb,3,0.848954975605011,8273,1396,7250,7524,6602,60,2231,121,47966
1754598189.8341455,uwb,3,0.8677160143852234,8274,1524,7943,7958,6107,60,2198,123,47976
1754598189.9441137,uwb,3,0.7926700115203857,8275,1593,7735,8103,7687,60,2140,119,47642
1754598190.072737,uwb,3,0.8208119869232178,8276,1919,6934,7525,7323,76,1708,117,48138
1754598190.1827052,uwb,3,0.8442639708518982,8277,1578,7258,7564,6610,68,2236,122,47840
1754598190.3113284,uwb,3,0.834883987903595,8278,1179,7711,7243,3835,48,1996,121,47869
1754598190.4212966,uwb,3,0.8161219954490662,8279,1727,8029,7867,5363,68,2139,122,48046
1754598190.5499198,uwb,3,0.8161219954490662,8280,1648,7153,7580,7388,64,1697,116,48025
1754598190.6608698,uwb,3,0.8208119869232178,8281,1921,7235,7956,7554,76,1968,121,47748
1754598190.7894933,uwb,3,0.7973610162734985,8282,1708,7681,8000,7638,64,1952,119,47766
1754598190.8994613,uwb,3,0.8630260229110718,8283,1413,7481,7581,7275,60,1967,122,47945
1754598191.0280848,uwb,3,0.8114320039749146,8284,1534,7910,7698,6333,60,2257,119,47909
1754598191.1380527,uwb,3,0.8255029916763306,8285,1472,7286,7355,7050,60,1743,118,47632
1754598191.2666762,uwb,3,0.8208119869232178,8286,1389,7658,7610,7256,56,2258,122,47643
1754598191.3766441,uwb,3,0.8067409992218018,8287,1634,7373,7843,7930,64,1961,121,47826
1754598191.5052676,uwb,3,0.8677160143852234,8288,1333,7992,8023,6595,52,2200,121,47781
1754598191.6152356,uwb,3,0.7879800200462341,8289,1567,7737,7622,7528,64,2029,122,48018
1754598191.743859,uwb,3,0.8395739793777466,8290,1576,7487,7265,7019,64,2043,119,48026
1754598191.853827,uwb,3,0.7692189812660217,8291,1567,6886,7400,7307,64,1758,117,47696
1754598191.9824505,uwb,3,0.8770970106124878,8292,1232,7639,7742,6102,48,2083,118,47655
1754598192.0924184,uwb,3,0.8020510077476501,8293,1083,7204,7421,7276,44,1786,119,47882
1754598192.221042,uwb,3,0.7973610162734985,8294,1229,7099,7382,7301,52,1806,119,47892
1754598192.3310099,uwb,3,0.8301929831504822,8295,1234,7520,7993,7597,48,1964,120,48075
1754598192.4596334,uwb,3,0.8395739793777466,8296,1434,7538,7650,7142,56,2079,116,48027
1754598192.5705833,uwb,3,0.8630260229110718,8297,1468,7718,7267,3743,60,2000,122,47742
1754598192.6982248,uwb,3,0.8301929831504822,8298,1470,7609,7424,3844,60,1959,121,47742
1754598192.8091748,uwb,3,0.8067409992218018,8299,1384,7429,7794,7701,56,2039,124,47894
1754598192.937798,uwb,3,0.8536450266838074,8300,1573,7799,7843,6533,64,2292,123,47844
1754598193.0477662,uwb,3,0.8255029916763306,8301,1564,7334,7420,7055,64,1906,117,48069
1754598193.1763895,uwb,3,0.8114320039749146,8302,1625,7222,7760,7040,64,1836,117,48081
1754598193.2863576,uwb,3,0.7879800200462341,8303,1743,7553,7919,7626,68,1951,119,47705
1754598193.414981,uwb,3,0.8020510077476501,8304,1943,7709,8092,7639,76,2007,123,47640
1754598193.524949,uwb,3,0.7692189812660217,8305,1764,7663,7884,7801,72,2088,123,47833
1754598193.6535723,uwb,3,0.7785990238189697,8306,1409,6826,7121,6940,60,1699,116,47818
1754598193.7635405,uwb,3,0.8677160143852234,8307,1599,7404,7363,6390,68,1905,120,47967
1754598193.8921638,uwb,3,0.8161219954490662,8308,1632,7339,7644,6818,64,1893,117,47903
1754598194.002132,uwb,3,0.8630260229110718,8309,1403,7379,7066,3749,60,1864,119,48125
1754598194.1307552,uwb,3,0.8630260229110718,8310,1528,7780,7423,5127,60,2049,117,48110
1754598194.2407234,uwb,3,0.8255029916763306,8311,1531,7656,8157,8015,60,2103,124,47757
1754598194.3693466,uwb,3,0.8255029916763306,8312,1631,7603,7747,7501,64,1929,118,47697
1754598194.4802966,uwb,3,0.8161219954490662,8313,1631,7265,7847,7388,64,1800,118,47953
1754598194.6089199,uwb,3,0.8442639708518982,8314,1468,7464,7193,4096,60,1972,121,47928
1754598194.718888,uwb,3,0.8301929831504822,8315,1384,7249,7609,7253,56,1999,120,48090
1754598195.1207085,uwb,3,0.8536450266838074,8316,1322,4917,7483,7110,52,1477,116,48072
1754598195.231753,uwb,3,0.8395739793777466,8317,1763,7625,7632,7256,72,1916,120,47757
1754598195.3616357,uwb,3,0.8161219954490662,8318,1225,7380,7105,3865,52,1856,119,47738
1754598195.4726806,uwb,3,0.7973610162734985,8319,2029,7354,7826,7575,80,1863,120,47894
1754598195.6025631,uwb,3,0.8114320039749146,8320,2007,7748,8147,7753,76,2032,121,47829
1754598195.7136078,uwb,3,0.8395739793777466,8321,1937,7157,7642,7535,76,1806,118,48016
1754598195.8434904,uwb,3,0.848954975605011,8322,1471,7341,7543,5909,60,2125,120,47975
1754598195.9555266,uwb,3,0.834883987903595,8323,1328,7717,7711,7348,52,2027,120,47618
1754598196.0854092,uwb,3,0.8395739793777466,8324,1180,7564,7273,5190,48,2092,119,48044
1754598196.196454,uwb,3,0.8395739793777466,8325,1472,7545,7512,6075,60,1975,119,47716
1754598196.3263366,uwb,3,0.834883987903595,8326,1621,7098,7575,7213,64,1705,117,47693
1754598196.4373813,uwb,3,0.848954975605011,8327,1528,7242,7575,7337,60,1838,116,47815
1754598196.5672638,uwb,3,0.858335018157959,8328,1322,7538,7585,6163,52,2200,116,47716
1754598196.6783087,uwb,3,0.7879800200462341,8329,1342,7307,7596,7326,52,1925,117,47896
1754598196.8081913,uwb,3,0.834883987903595,8330,1370,7577,7382,5703,56,2156,121,47847
1754598196.919236,uwb,3,0.8536450266838074,8331,1636,7955,7794,6952,64,2324,121,47964
1754598197.0491185,uwb,3,0.8395739793777466,8332,1558,7461,7067,3674,64,1903,118,47870
1754598197.1601632,uwb,3,0.8161219954490662,8333,1425,7680,7766,5721,56,2071,117,48042
1754598197.290046,uwb,3,0.8958579897880554,8334,1377,7406,7261,5245,56,2043,118,47979
1754598197.4010906,uwb,3,0.8770970106124878,8335,1493,7774,8199,7625,56,2286,122,48091
1754598197.5309732,uwb,3,0.8301929831504822,8336,1280,7362,7363,4946,52,2081,119,47983
1754598197.6420178,uwb,3,0.834883987903595,8337,1536,7619,7997,7511,60,2022,120,47642
1754598197.7719007,uwb,3,0.8301929831504822,8338,1135,7236,7407,6933,48,2208,120,48091
1754598197.8829453,uwb,3,0.7785990238189697,8339,1524,6912,7596,7700,60,1870,117,47692
1754598198.0128279,uwb,3,0.8255029916763306,8340,1590,7237,7035,7084,68,1972,118,48087
1754598198.1238725,uwb,3,0.8114320039749146,8341,1525,7679,8172,7787,60,2108,123,47749
1754598198.2537553,uwb,3,0.8114320039749146,8342,1558,7294,7618,7416,64,1778,119,47698
1754598198.3648,uwb,3,0.8442639708518982,8343,1130,7318,7527,4511,44,1633,117,47797
1754598198.4956741,uwb,3,0.7973610162734985,8344,1311,7274,7165,6817,56,1752,118,47685
1754598198.6067188,uwb,3,0.8255029916763306,8345,1176,7504,7428,6726,48,2252,119,47836
1754598198.7366014,uwb,3,0.834883987903595,8346,1428,7284,7997,7655,56,2162,120,47769
1754598198.847646,uwb,3,0.7692189812660217,8347,1529,7516,7206,3963,60,1887,116,47866
1754598198.9775288,uwb,3,0.7551469802856445,8348,1369,7677,7656,7250,56,1941,120,47753
1754598199.0885735,uwb,3,0.8161219954490662,8349,1480,7705,8240,7833,56,2102,120,47893
1754598199.218456,uwb,3,0.8255029916763306,8350,1563,7257,7347,4341,64,1865,118,47798
1754598199.3295007,uwb,3,0.7739089727401733,8351,1183,7235,7400,6947,48,1919,116,47895
1754598199.4603748,uwb,3,0.7645279765129089,8352,1425,7080,7901,8013,56,2069,122,47761
1754598199.5714195,uwb,3,0.848954975605011,8353,1181,8184,7940,6541,44,2229,121,47907
1754598199.701302,uwb,3,0.8114320039749146,8354,1620,7652,7327,4008,64,1965,119,47803
1754598199.812347,uwb,3,0.8208119869232178,8355,1526,7377,7592,7965,60,1956,122,47887
1754598199.9422295,uwb,3,0.8208119869232178,8356,1559,7603,7437,3828,64,2014,122,47742
1754598200.0532742,uwb,3,0.7832900285720825,8357,1621,7189,7576,7486,64,1743,116,47884
1754598200.1831567,uwb,3,0.8255029916763306,8358,1330,7319,7620,6554,52,1917,116,47775
1754598200.295193,uwb,3,0.8442639708518982,8359,1274,7466,7393,5270,52,1925,118,47852
1754598200.4240842,uwb,3,0.8255029916763306,8360,1332,7335,8133,7853,52,2084,122,47705
1754598200.5351288,uwb,3,0.7926700115203857,8361,1422,7206,7781,7642,56,1860,119,47873
1754598200.666003,uwb,3,0.8442639708518982,8362,1273,7273,7521,7432,52,2029,118,47768
1754598200.7770476,uwb,3,0.872406005859375,8363,1272,7713,7311,5374,52,2150,121,47850
1754598200.9069302,uwb,3,0.8301929831504822,8364,1044,7512,7569,7166,44,2327,123,47706
1754598201.017975,uwb,3,0.7879800200462341,8365,1131,7569,7575,7006,44,2125,118,47834
1754598201.1478577,uwb,3,0.7692189812660217,8366,1422,7215,7567,7666,56,1839,118,47696
1754598201.259894,uwb,3,0.872406005859375,8367,1624,7360,7461,6849,64,2124,116,47774
1754598201.3897765,uwb,3,0.8536450266838074,8368,1421,7181,8008,7716,56,1964,122,48082
1754598201.500821,uwb,3,0.7926700115203857,8369,1425,7195,7646,8018,56,2036,124,47695
1754598201.6307037,uwb,3,0.872406005859375,8370,1428,7944,7948,6260,56,2109,119,48038
1754598201.7417483,uwb,3,0.8677160143852234,8371,1582,8246,7846,5106,60,2290,122,48113
1754598201.8716311,uwb,3,0.7692189812660217,8372,1374,7617,7627,7405,56,2004,121,47887
1754598201.9826758,uwb,3,0.8442639708518982,8373,1529,7388,8051,7624,60,2006,121,48024
1754598202.1125584,uwb,3,0.834883987903595,8374,1463,7433,7489,7685,60,2039,121,47827
1754598202.223603,uwb,3,0.8630260229110718,8375,567,7053,7105,5133,24,1252,119,47914
1754598202.3534858,uwb,3,0.8255029916763306,8376,1178,7155,7337,5849,48,2030,116,47653
1754598202.4645305,uwb,3,0.8255029916763306,8377,1385,8124,7839,6585,52,2325,120,47778
1754598202.5954046,uwb,3,0.886476993560791,8378,1431,7158,7669,6193,56,1590,116,48102
1754598202.7064493,uwb,3,0.8630260229110718,8379,1582,8104,7661,5328,60,2320,120,47661
1754598202.8363318,uwb,3,0.8630260229110718,8380,1523,7851,7553,4893,60,2145,119,47921
1754598202.9473765,uwb,3,0.8301929831504822,8381,1183,7281,7431,6444,48,2146,119,48031
1754598203.0772593,uwb,3,0.8301929831504822,8382,1920,8084,7966,7067,76,2107,122,47834
1754598203.188304,uwb,3,0.8301929831504822,8383,1627,7569,7967,7599,64,1955,120,47889
1754598203.3181865,uwb,3,0.8630260229110718,8384,1376,8284,7749,4651,52,2199,123,48117
1754598203.4292312,uwb,3,0.834883987903595,8385,1534,7483,8062,7606,60,1993,121,47705
1754598203.559114,uwb,3,0.8677160143852234,8386,1337,7328,7732,6863,52,2056,119,47966
1754598203.6701586,uwb,3,0.8301929831504822,8387,1726,7232,7652,7536,68,1884,119,48013
1754598203.8000412,uwb,3,0.886476993560791,8388,1132,7806,7347,4365,44,2046,121,47735
1754598203.9110858,uwb,3,0.8161219954490662,8389,1533,7353,7998,8118,60,1993,123,47826
1754598204.0409684,uwb,3,0.8301929831504822,8390,1375,7392,7720,7369,56,1978,123,48084
1754598204.1520133,uwb,3,0.8630260229110718,8391,1085,7662,7775,7289,44,1999,122,47621
1754598204.2818959,uwb,3,0.7926700115203857,8392,1532,7386,7506,7695,60,2001,120,47827
1754598204.3929405,uwb,3,0.8630260229110718,8393,1576,8014,7803,5667,60,2106,119,47915
1754598204.522823,uwb,3,0.8817870020866394,8394,1719,7343,8015,7613,68,2000,122,47686
1754598204.633868,uwb,3,0.8536450266838074,8395,1429,7677,7788,6461,56,2092,119,47714
1754598204.7637506,uwb,3,0.834883987903595,8396,1364,7475,7404,4262,56,1949,118,47928
1754598204.8747952,uwb,3,0.8020510077476501,8397,1374,7459,7451,7336,56,1821,118,48012
1754598205.0046778,uwb,3,0.8161219954490662,8398,1559,7041,7424,7163,64,1777,118,47763
1754598205.1157227,uwb,3,0.8442639708518982,8399,1181,7372,7470,7355,48,1996,118,47768
1754598205.2456052,uwb,3,0.8208119869232178,8400,1234,7781,7765,6157,48,2063,121,47972
1754598205.3566499,uwb,3,0.8442639708518982,8401,1528,7263,7611,7297,60,1798,118,48021
1754598205.4865324,uwb,3,0.858335018157959,8402,1176,6274,7399,6916,48,1540,118,47750
1754598205.7215111,uwb,3,0.8442639708518982,8403,1525,7637,7599,6488,60,2245,118,47777
1754598205.833547,uwb,3,0.8208119869232178,8404,1855,7197,7383,7459,76,2003,120,47828
1754598205.944592,uwb,3,0.8677160143852234,8405,1466,7603,7822,7041,60,1970,123,47895
1754598206.0556366,uwb,3,0.8817870020866394,8406,1722,7590,7328,4453,68,2099,118,47861
1754598206.1875021,uwb,3,0.8067409992218018,8407,1344,8091,7846,6501,52,2369,121,48099
1754598206.2985468,uwb,3,0.834883987903595,8408,1722,7734,8034,5784,68,2423,120,47659
1754598206.4284296,uwb,3,0.8630260229110718,8409,1425,7663,8092,7544,56,2472,123,47900
1754598206.661425,uwb,3,0.8301929831504822,8410,1234,7124,7441,7228,48,1932,116,47896
1754598206.7724698,uwb,3,0.848954975605011,8411,1694,7533,8007,7747,64,1981,119,47893
1754598206.8835144,uwb,3,0.7692189812660217,8412,1625,8003,7687,7680,64,2073,124,47811
1754598207.013397,uwb,3,0.886476993560791,8413,1324,7323,7495,6392,52,2069,117,47905
1754598207.1244419,uwb,3,0.834883987903595,8414,1173,6865,7394,6383,48,1557,116,47776
1754598207.2543244,uwb,3,0.7973610162734985,8415,1853,7461,7110,6749,76,1701,119,47956
1754598207.365369,uwb,3,0.9146199822425842,8416,1531,7992,7548,5887,60,2164,121,47846
1754598207.4952517,uwb,3,0.8770970106124878,8417,1830,7420,8023,7696,72,2034,123,47955
1754598207.6062965,uwb,3,0.8442639708518982,8418,1730,7076,7660,7734,68,1866,120,47828
1754598207.7371705,uwb,3,0.8208119869232178,8419,1500,7556,7092,3972,64,1942,123,47996
1754598207.8482153,uwb,3,0.8255029916763306,8420,1819,7575,7177,3902,72,1909,117,47869
1754598207.978098,uwb,3,0.8161219954490662,8421,1629,7373,7697,7734,64,1837,118,47958
1754598208.0891426,uwb,3,0.7598379850387573,8422,1091,7177,7630,7109,44,1787,121,47825
1754598208.2190251,uwb,3,0.8208119869232178,8423,1626,6909,7447,7523,64,1731,117,47956
1754598208.33007,uwb,3,0.8395739793777466,8424,1657,6810,7333,7378,68,1677,116,47765
1754598208.4599526,uwb,3,0.7973610162734985,8425,1430,7647,7798,7394,56,1956,120,47822
1754598208.5709972,uwb,3,0.8536450266838074,8426,1527,7666,7332,5860,60,2180,117,48100
1754598208.7008798,uwb,3,0.8161219954490662,8427,1276,7476,7072,5094,52,2184,123,47659
1754598208.8119245,uwb,3,0.8395739793777466,8428,1228,7694,7386,5344,48,2062,116,47915
1754598208.9418073,uwb,3,0.8114320039749146,8429,1331,7859,7907,7242,52,2245,119,47900
1754598209.052852,uwb,3,0.8301929831504822,8430,1421,7939,8245,7617,56,2109,123,47641
1754598209.183726,uwb,3,0.834883987903595,8431,1496,7479,7094,4978,64,2036,123,47661
1754598209.2947707,uwb,3,0.8677160143852234,8432,1733,7560,8043,7863,68,2059,122,47896
1754598209.4246533,uwb,3,0.8395739793777466,8433,1530,7776,7659,6190,60,2256,120,47844
1754598209.535698,uwb,3,0.8770970106124878,8434,1368,7714,7674,7392,56,1980,122,48068
1754598209.666572,uwb,3,0.8536450266838074,8435,1432,8050,7916,7065,56,2032,122,48072
1754598209.7776167,uwb,3,0.7879800200462341,8436,1719,7349,7563,7608,68,1846,118,47763
1754598209.9074996,uwb,3,0.8395739793777466,8437,1080,7565,7380,4554,44,2141,120,47668
1754598210.0185442,uwb,3,0.8208119869232178,8438,1037,7144,7226,5886,44,2064,119,47844
1754598210.2605164,uwb,3,0.7598379850387573,8439,1532,7542,7844,7468,60,1929,122,47829
1754598210.3656304,uwb,3,0.848954975605011,8440,1277,7643,7920,7475,48,1976,117,48014
1754598210.4885764,uwb,3,0.7926700115203857,8441,1428,7479,7768,7117,56,1932,116,47894
1754598210.5936906,uwb,3,0.8536450266838074,8442,977,6943,7522,7014,40,1693,118,48089
1754598210.7166367,uwb,3,0.834883987903595,8443,1623,7103,7662,7722,64,1851,119,48016
1754598210.8217509,uwb,3,0.8208119869232178,8444,1174,5851,7258,7080,48,1555,117,47689
1754598210.944697,uwb,3,0.8255029916763306,8445,1216,7592,7247,4525,52,2060,123,48052
1754598211.0498111,uwb,3,0.7645279765129089,8446,1731,7416,7869,7986,68,2015,121,47696
1754598211.1727571,uwb,3,0.8770970106124878,8447,1428,7743,7651,6894,56,1922,118,47620
1754598211.2788098,uwb,3,0.8677160143852234,8448,1723,7441,7636,6876,68,1971,116,47771
1754598211.4017558,uwb,3,0.8536450266838074,8449,1529,7651,7578,7477,60,1907,118,47628
1754598211.50687,uwb,3,0.8442639708518982,8450,1231,7031,7082,7205,52,1679,116,49294
1754598211.629816,uwb,3,0.8536450266838074,8451,1237,7462,7626,5212,48,1702,116,47662
1754598211.7349303,uwb,3,0.8255029916763306,8452,1418,7329,7356,6718,60,2120,120,47774
1754598211.8578763,uwb,3,0.858335018157959,8453,1426,7837,7277,4939,56,2219,119,48110
1754598211.9629905,uwb,3,0.8442639708518982,8454,1541,7713,7890,7147,60,2023,119,47710
1754598212.0859365,uwb,3,0.8630260229110718,8455,1371,7286,7395,6057,56,2069,119,49123
1754598212.1910508,uwb,3,0.834883987903595,8456,1461,7130,7413,7229,60,1692,117,47703
1754598212.3139968,uwb,3,0.7926700115203857,8457,1331,7282,7686,7708,52,1867,117,48007
1754598212.419111,uwb,3,0.8395739793777466,8458,820,7740,7935,4298,32,1536,123,47615
1754598212.542057,uwb,3,0.7832900285720825,8459,1819,7486,7797,7546,72,2090,117,47958
1754598212.6471713,uwb,3,0.8301929831504822,8460,1427,7299,7043,5318,56,2185,120,48041
1754598212.7701173,uwb,3,0.7926700115203857,8461,1525,8008,7876,6380,60,2237,123,47841
1754598212.8752315,uwb,3,0.8536450266838074,8462,1027,7576,7506,4688,40,1639,116,47923
1754598212.9981775,uwb,3,0.7926700115203857,8463,1465,7061,7165,7225,60,1814,116,47760
1754598213.1042302,uwb,3,0.8395739793777466,8464,1180,7471,7733,7303,48,1869,121,47836
1754598213.2271762,uwb,3,0.8114320039749146,8465,1317,7148,7774,7325,52,1733,120,48142
1754598213.3322904,uwb,3,0.834883987903595,8466,1625,7899,7569,5611,64,2096,122,47658
1754598213.4552364,uwb,3,0.8161219954490662,8467,1722,8047,7739,7025,68,2334,121,48027
1754598213.5603507,uwb,3,0.8395739793777466,8468,1420,7579,8105,7550,56,1966,122,48095
1754598213.6832967,uwb,3,0.8208119869232178,8469,1219,7132,7776,7422,48,1770,120,47877
1754598213.788411,uwb,3,0.8255029916763306,8470,1126,7533,7321,3753,44,1710,117,47934
1754598213.911357,uwb,3,0.8208119869232178,8471,1623,7613,7715,4659,64,1863,120,47733
1754598214.0164711,uwb,3,0.8301929831504822,8472,1561,7409,7523,5555,64,1887,119,47786
1754598214.1394172,uwb,3,0.7879800200462341,8473,1127,7465,7757,7505,44,1705,118,48087
1754598214.2454698,uwb,3,0.8161219954490662,8474,1221,7581,7409,4940,48,1777,117,48112
1754598214.3684158,uwb,3,0.8536450266838074,8475,1585,7703,8142,7601,60,1963,121,47903
1754598214.47353,uwb,3,0.8677160143852234,8476,1632,7549,7711,4834,64,1877,118,47923
1754598214.596476,uwb,3,0.8255029916763306,8477,1123,7197,7531,5340,44,1752,117,47660
1754598214.7015903,uwb,3,0.8442639708518982,8478,2035,7674,8089,5654,80,2177,123,47661
1754598214.8245363,uwb,3,0.8395739793777466,8479,1468,7574,7716,7219,60,1953,121,47966
1754598214.9296505,uwb,3,0.8817870020866394,8480,1329,7847,7893,4805,52,1891,122,47988
1754598215.0525966,uwb,3,0.8114320039749146,8481,1757,7800,7842,4131,72,2000,124,47678
1754598215.1586492,uwb,3,0.834883987903595,8482,2040,7872,7861,7439,80,2059,120,47702
1754598215.2815952,uwb,3,0.8067409992218018,8483,1434,7068,7123,6298,56,2024,116,47971
1754598215.3867095,uwb,3,0.8114320039749146,8484,1140,7756,7647,4654,44,1944,119,47989
1754598215.5096555,uwb,3,0.8395739793777466,8485,1528,7211,7796,7653,60,1938,120,47684
1754598215.6147697,uwb,3,0.7832900285720825,8486,1530,7459,7755,7769,60,1988,121,47694
1754598215.7386544,uwb,3,0.872406005859375,8487,1568,7331,7009,7034,64,2124,117,47962
1754598215.8437684,uwb,3,0.8677160143852234,8488,1524,7646,7714,7024,60,2079,117,47963
1754598215.9667144,uwb,3,0.8301929831504822,8489,1629,7433,7812,7362,64,2155,118,47648
1754598216.0718286,uwb,3,0.872406005859375,8490,1533,7770,7376,7253,60,2245,120,47644
1754598216.1947746,uwb,3,0.872406005859375,8491,1232,7481,7824,6118,48,1806,117,47912
1754598216.2998888,uwb,3,0.8301929831504822,8492,1333,7792,7950,7836,52,2346,123,47897
1754598216.4237735,uwb,3,0.7879800200462341,8493,1729,7787,7837,7524,68,2032,121,48090
1754598216.5288875,uwb,3,0.8161219954490662,8494,1269,7310,7464,7451,52,1706,117,48082
1754598216.764456,uwb,3,0.7926700115203857,8495,1626,7766,8119,7805,64,2074,123,47875
1754598216.8695703,uwb,3,0.8395739793777466,8496,1425,8081,7670,5811,56,2206,123,47914
1754598217.2524862,uwb,3,0.8395739793777466,8497,1819,7482,7457,4008,72,1936,122,47931
1754598217.3763707,uwb,3,0.848954975605011,8498,1422,7635,7682,5234,56,1713,119,47662
1754598217.481485,uwb,3,0.848954975605011,8499,1220,7206,7636,7580,48,1763,119,47753
1754598217.604431,uwb,3,0.8114320039749146,8500,1528,7949,7528,7361,60,1863,120,48012
1754598217.7095451,uwb,3,0.8630260229110718,8501,1530,7955,7413,5268,60,2138,122,48045
1754598217.8324912,uwb,3,0.8208119869232178,8502,1591,8044,7940,7071,60,2483,120,47777
1754598217.9376054,uwb,3,0.7692189812660217,8503,1331,7454,7365,3818,52,1843,118,47870
1754598218.0605514,uwb,3,0.8442639708518982,8504,1470,7564,7606,7285,60,1939,120,47636
1754598218.1656656,uwb,3,0.8770970106124878,8505,1635,7813,7594,4905,64,2079,120,47666
1754598218.2886117,uwb,3,0.8442639708518982,8506,1484,7976,7786,7219,56,2046,118,47900
1754598218.3937256,uwb,3,0.8911679983139038,8507,1133,7188,7734,6647,44,1675,118,47970
1754598218.516672,uwb,3,0.8301929831504822,8508,1234,7970,7669,5915,48,2273,121,47720
1754598218.6217859,uwb,3,0.834883987903595,8509,1920,7232,7754,7976,76,1897,120,47758
1754598218.744732,uwb,3,0.8677160143852234,8510,1534,8183,7781,7489,60,2362,123,47964
1754598218.8498461,uwb,3,0.8817870020866394,8511,1340,8013,7875,7104,52,2512,121,48032
1754598218.9727921,uwb,3,0.8630260229110718,8512,1330,7983,8215,6962,52,2325,123,47780
1754598219.0779064,uwb,3,0.886476993560791,8513,1476,7952,7600,5996,56,2125,117,47784
1754598219.2008524,uwb,3,0.8395739793777466,8514,1329,7612,7410,4947,52,1926,120,47984
1754598219.3059666,uwb,3,0.8630260229110718,8515,1525,7509,7635,5398,60,2080,118,48045
1754598219.4289126,uwb,3,0.8677160143852234,8516,1477,8053,7986,6409,56,2339,120,47781
1754598219.5340269,uwb,3,0.8395739793777466,8517,1429,8058,7930,7047,56,2289,121,47777
1754598219.6579115,uwb,3,0.872406005859375,8518,1531,7736,7817,7194,60,2244,118,47963
1754598219.7630255,uwb,3,0.8442639708518982,8519,1722,7783,7846,7609,68,1912,120,48018
1754598219.8859715,uwb,3,0.7879800200462341,8520,930,7276,7580,7641,36,1781,118,47750
1754598219.9920244,uwb,3,0.8536450266838074,8521,1331,7832,7413,6319,52,2193,119,49252
1754598220.1149704,uwb,3,0.7785990238189697,8522,1823,7853,8165,7984,72,2197,122,47894
1754598220.2200847,uwb,3,0.848954975605011,8523,1724,7842,8118,4545,68,2028,121,47930
1754598220.3430307,uwb,3,0.848954975605011,8524,1468,7652,7642,7695,60,2181,122,47638
1754598220.448145,uwb,3,0.8911679983139038,8525,1278,7741,7562,4058,52,1902,121,47612
1754598220.571091,uwb,3,0.8536450266838074,8526,1331,8125,8089,7211,52,2380,124,47776
1754598220.676205,uwb,3,0.8208119869232178,8527,1632,7676,7861,4130,64,1919,119,47807
1754598220.7991512,uwb,3,0.7832900285720825,8528,1715,7726,7726,7442,68,1976,118,48026
1754598220.9042652,uwb,3,0.872406005859375,8529,1127,7110,7607,7530,44,1719,117,48006
1754598221.0272112,uwb,3,0.834883987903595,8530,1932,7642,7652,7525,80,2138,120,47637
1754598221.1323254,uwb,3,0.886476993560791,8531,1333,7848,7705,6134,52,2423,120,47654
1754598221.369771,uwb,3,0.834883987903595,8532,1231,8276,8091,6272,48,2334,124,47847
1754598221.474885,uwb,3,0.8020510077476501,8533,1523,6988,7629,7642,60,1916,118,47882
1754598221.5799992,uwb,3,0.7973610162734985,8534,1229,6994,7735,7625,48,1888,117,47943
1754598221.8089979,uwb,3,0.8020510077476501,8535,1424,7413,7613,7166,56,1996,116,48021
1754598222.0426893,uwb,3,0.8255029916763306,8536,1130,7899,7714,5705,44,2337,119,48041
1754598222.1478035,uwb,3,0.858335018157959,8537,1319,7640,7449,5782,52,1826,116,48040
1754598222.2707496,uwb,3,0.8630260229110718,8538,1722,7670,7607,4784,68,1943,118,48115
1754598222.3758638,uwb,3,0.8208119869232178,8539,1326,8117,8003,4285,52,2069,122,47614
1754598222.4988098,uwb,3,0.8770970106124878,8540,1518,7773,7992,7040,60,2449,121,47777
1754598222.603924,uwb,3,0.8208119869232178,8541,1374,7913,7633,6170,52,2202,117,47845
1754598222.72687,uwb,3,0.7973610162734985,8542,1925,7589,7709,4462,76,1992,118,47992
1754598222.8329227,uwb,3,0.8442639708518982,8543,1179,7538,7712,7559,48,2141,121,48020
1754598222.9558687,uwb,3,0.8208119869232178,8544,1619,7551,7604,7227,64,2006,117,47706
1754598223.060983,uwb,3,0.834883987903595,8545,1325,7680,7694,7415,52,1994,118,47771
1754598223.5790455,uwb,3,0.848954975605011,8546,1627,7846,8119,5460,64,2117,121,47791
1754598223.6841598,uwb,3,0.8114320039749146,8547,1435,7410,7521,7370,56,1876,116,47767
1754598223.9253592,uwb,3,0.8067409992218018,8548,1331,7631,7274,6345,52,2208,121,47842
1754598224.0304735,uwb,3,0.8161219954490662,8549,1425,7920,7672,5186,56,1945,118,47855
1754598224.1374648,uwb,3,0.8911679983139038,8550,1428,8032,7857,7166,56,2299,122,47774
1754598225.292765,uwb,3,0.834883987903595,8551,1330,7350,7566,7783,52,1945,120,47695
1754598225.5429218,uwb,3,0.848954975605011,8552,976,7816,7538,7143,40,1894,123,50205
1754598225.7882307,uwb,3,0.8114320039749146,8553,1721,7845,7592,4691,68,1999,118,48052
1754598225.896826,uwb,3,0.8114320039749146,8554,1786,7954,7816,4172,68,1999,118,47935
1754598226.0054212,uwb,3,0.8161219954490662,8555,1521,7923,8109,7731,60,2243,123,47835
1754598226.132439,uwb,3,0.858335018157959,8556,1428,7903,8050,6395,56,2320,124,47846
1754598226.241034,uwb,3,0.8301929831504822,8557,1520,7949,7765,4594,60,1968,120,47798
1754598226.3680515,uwb,3,0.8114320039749146,8558,1621,7852,7677,4869,64,1959,119,47794
1754598226.476647,uwb,3,0.8114320039749146,8559,1379,7042,7651,7794,56,1926,122,47757
1754598226.6036644,uwb,3,0.848954975605011,8560,1129,8049,7836,4975,44,2115,122,47858
1754598226.7122598,uwb,3,0.8442639708518982,8561,1464,6943,7183,7452,60,1862,118,47827
1754598226.8392773,uwb,3,0.8301929831504822,8562,1221,6709,7676,7282,48,1700,118,47881
1754598226.9478726,uwb,3,0.9005489945411682,8563,1227,7866,7745,6384,48,2240,121,47781
1754598227.0748901,uwb,3,0.8301929831504822,8564,1328,8066,7831,5156,52,2116,123,47856
1754598227.1834855,uwb,3,0.8958579897880554,8565,620,7820,8119,7151,24,1793,123,47772
1754598227.310503,uwb,3,0.7879800200462341,8566,1326,7255,7753,7605,52,1911,119,47749
1754598227.4190984,uwb,3,0.8536450266838074,8567,1791,7562,7865,7373,68,1959,116,48092
1754598227.5461159,uwb,3,0.858335018157959,8568,1525,8133,7876,4615,60,2176,123,47606
1754598227.6547112,uwb,3,0.8536450266838074,8569,1533,7755,7716,6228,60,2121,118,47973
1754598227.7826984,uwb,3,0.8255029916763306,8570,1379,8018,7625,4174,52,2217,119,47931
1754598227.8912935,uwb,3,0.7879800200462341,8571,1524,7693,7150,3872,60,1967,118,47739
1754598228.0183113,uwb,3,0.8255029916763306,8572,1328,7805,7767,7441,52,2038,120,47747
1754598228.1269064,uwb,3,0.8255029916763306,8573,1528,7153,7285,7081,60,1865,117,48088
1754598228.2539241,uwb,3,0.8395739793777466,8574,1827,7607,7798,6741,72,2033,118,48032
1754598228.3625193,uwb,3,0.8395739793777466,8575,1628,7343,7655,7180,64,1894,119,47834
1754598228.489537,uwb,3,0.8630260229110718,8576,1639,7238,7514,7168,64,1789,116,47831
1754598228.5981321,uwb,3,0.8301929831504822,8577,1427,7946,7904,7088,56,2088,121,47684
1754598228.7251499,uwb,3,0.872406005859375,8578,1638,7167,7545,7561,64,1779,117,47639
1754598228.833745,uwb,3,0.8536450266838074,8579,1627,7919,7706,5726,64,1969,119,47978
1754598229.1963754,uwb,3,0.8395739793777466,8580,1407,7244,7291,6030,60,2040,119,47653
1754598229.4407148,uwb,3,0.8020510077476501,8581,1529,7829,7026,3996,60,1979,120,47928
1754598229.665662,uwb,3,0.8395739793777466,8582,1177,6152,7446,6880,48,1623,117,48010
1754598229.7742572,uwb,3,0.9146199822425842,8583,1688,8170,8254,7351,64,2359,122,47777
1754598229.8828523,uwb,3,0.8255029916763306,8584,1797,7719,8290,8074,68,2086,123,48016
1754598229.9914477,uwb,3,0.8208119869232178,8585,1421,7739,7406,4619,56,2049,116,47795
1754598231.154968,uwb,3,0.9802849888801575,8586,1509,6938,7989,6304,56,1830,119,47905
1754598231.2635632,uwb,3,1.1022340059280396,8587,1577,7321,7432,6314,64,1734,117,47777
1754598231.3721583,uwb,3,1.1585179567337036,8588,1189,6643,7822,6936,48,1975,122,47682
1754598231.4807537,uwb,3,1.1632080078125,8589,1684,2395,4664,3620,68,1877,117,48038
1754598231.5893488,uwb,3,1.2804670333862305,8590,1846,5498,8043,6648,72,2203,124,47896
1754598231.7163665,uwb,3,1.3602039813995361,8591,1890,5301,7400,7188,80,1808,122,47824
1754598231.9529488,uwb,3,1.580649971961975,8592,1684,2479,1429,5838,68,2198,122,48001
1754598232.177896,uwb,3,1.7588839530944824,8593,1525,1628,7086,6511,64,2076,117,48022
1754598232.2864914,uwb,3,1.7964069843292236,8594,1791,648,6570,6942,76,2022,118,47759
1754598232.3950865,uwb,3,1.8808330297470093,8595,1565,6366,7001,4726,68,2081,120,47919
1754598232.503682,uwb,3,1.9887109994888306,8596,1715,2066,7485,7151,72,2025,121,47635
1754598232.9846034,uwb,3,2.514030933380127,8597,1351,3323,6110,4461,68,1881,121,47657
1754598233.2202163,uwb,3,2.6828839778900146,8598,1220,247,4922,5292,68,1775,120,47680
1754598233.347234,uwb,3,2.748548984527588,8599,1269,1248,4975,4349,76,1732,120,47942
1754598233.4558291,uwb,3,2.814213991165161,8600,1505,567,5644,6378,72,1927,119,47684
1754598233.5828469,uwb,3,2.9596149921417236,8601,1352,4404,5555,3602,72,1653,117,48050
1754598233.691442,uwb,3,3.076874017715454,8602,1290,2076,5078,3588,72,1733,118,47852
1754598233.8184597,uwb,3,3.1566100120544434,8603,1082,1122,3002,2438,64,1825,118,47644
1754598233.927055,uwb,3,3.245727062225342,8604,1282,1124,3111,2391,72,1815,118,47908
1754598234.0540726,uwb,3,3.3911280632019043,8605,1284,667,3316,3497,56,1679,118,47758
1754598234.1626678,uwb,3,3.4990060329437256,8606,888,2190,3454,2212,60,1710,122,48051
1754598234.2896855,uwb,3,3.6537880897521973,8607,1796,277,2297,2212,76,1985,121,47824
1754598234.3982806,uwb,3,7.818824768066406,8608,1267,4344,3424,2464,64,1761,121,48432
1754598234.5252984,uwb,3,6.482072830200195,8609,665,133,701,586,44,1739,122,47401
1754598234.6348631,uwb,3,6.599331855773926,8610,964,56,1209,1069,60,1886,123,46627
1754598234.760911,uwb,3,3.9821128845214844,8611,937,565,1882,1194,64,1540,116,47928
1754598234.870476,uwb,3,4.315127849578857,8612,422,263,1258,1315,28,886,120,47636
1754598234.9965239,uwb,3,8.634946823120117,8613,1377,6372,7119,3939,60,2001,121,48893
1754598235.1051192,uwb,3,5.131249904632568,8614,1185,193,1186,1937,60,1756,120,47686
1754598235.2321367,uwb,3,8.78034782409668,8615,1645,489,1170,1890,72,1939,123,47067
1754598235.340732,uwb,3,6.425788879394531,8616,1322,651,1418,1364,60,1763,121,47572
1754598235.949641,uwb,3,4.695046901702881,8617,947,929,1838,1789,48,1710,119,47897
1754598236.0766585,uwb,3,4.713809013366699,8618,1461,208,1760,2091,64,1766,119,47567
1754598236.1852539,uwb,3,4.788855075836182,8619,1045,947,3329,2834,52,1793,118,47704
1754598236.3122714,uwb,3,4.877971172332764,8620,835,706,2690,2942,52,1874,121,47948
1754598236.4208667,uwb,3,4.896732807159424,8621,1006,1202,2528,1993,60,1641,119,47632
1754598236.5478842,uwb,3,5.065586090087891,8622,956,1144,3439,2681,56,1741,119,47841
1754598236.6564796,uwb,3,5.145320892333984,8623,782,2142,4102,3079,52,1706,119,47972
1754598236.783497,uwb,3,5.314174175262451,8624,1125,867,2077,2788,72,1856,122,47684
1754598236.8920925,uwb,3,7.6124491691589355,8625,1244,4703,4169,4035,60,1946,122,48577
1754598237.01911,uwb,3,5.548692226409912,8626,993,1420,2624,2999,56,1592,116,47943
1754598237.1277053,uwb,3,5.642498970031738,8627,956,444,3066,5202,56,1918,123,48066
1754598237.2547228,uwb,3,5.586215019226074,8628,1073,1390,823,1531,56,1874,120,47681
1754598237.363318,uwb,3,5.67064094543457,8629,1005,3134,4830,2953,60,1680,116,47798
1754598237.4903357,uwb,3,5.665950775146484,8630,943,1244,3668,4937,56,1738,119,47876
1754598237.5989308,uwb,3,5.755067825317383,8631,670,924,3796,4399,44,1537,118,47946
1754598237.7259486,uwb,3,5.830112934112549,8632,1013,1144,4033,4594,64,1765,118,48079
1754598237.8345437,uwb,3,5.867636203765869,8633,1002,1060,3221,2424,60,1714,116,47657
1754598237.962531,uwb,3,5.919229984283447,8634,1003,2135,4351,2994,60,1821,120,47723
1754598238.0711262,uwb,3,6.036489009857178,8635,1069,3469,5548,4533,60,1912,123,47772
1754598238.198144,uwb,3,6.12091588973999,8636,1458,1768,3950,6768,64,1950,119,47875
1754598238.306739,uwb,3,6.092772960662842,8637,1406,3240,4632,2756,68,1872,119,47930
1754598238.4337568,uwb,3,6.1443681716918945,8638,897,2041,6167,5700,44,2010,123,47951
1754598238.542352,uwb,3,6.00365686416626,8639,1076,417,2738,3038,64,1851,119,47949
1754598238.6693695,uwb,3,6.055251121520996,8640,888,1081,4192,3621,60,1772,119,48020
1754598238.7779648,uwb,3,6.036489009857178,8641,1005,1328,4198,4804,60,1781,119,48073
1754598238.9049823,uwb,3,5.989585876464844,8642,1069,1571,4403,4384,64,1823,119,48073
1754598239.0135777,uwb,3,6.013038158416748,8643,1002,1701,4625,4155,56,1861,120,47576
1754598239.1405952,uwb,3,6.013038158416748,8644,782,2424,4060,2995,52,1884,121,47657
1754598239.2491906,uwb,3,6.022418022155762,8645,724,1745,3767,2861,48,1638,119,47717
1754598239.376208,uwb,3,6.027109146118164,8646,1069,1996,3777,2868,64,1716,118,47711
1754598239.4848034,uwb,3,6.017727851867676,8647,1000,1431,3247,2338,56,1734,122,47721
1754598239.611821,uwb,3,5.99427604675293,8648,828,602,1634,1727,56,1658,121,47762
1754598240.1764758,uwb,3,7.354479789733887,8649,1314,719,703,1421,60,1969,124,46794
1754598240.3055308,uwb,3,6.031798839569092,8650,770,452,1908,2432,52,1606,116,47811
1754598240.415868,uwb,3,6.12091588973999,8651,890,1362,3542,3538,60,1751,117,47819
1754598240.544923,uwb,3,6.045869827270508,8652,1189,4521,5937,3342,60,1854,122,47868
1754598240.65526,uwb,3,6.04118013381958,8653,1317,2806,6437,4233,60,1756,119,47924
1754598240.784315,uwb,3,5.980205059051514,8654,1330,2712,6233,5946,64,1789,117,47880
1754598240.8956375,uwb,3,5.933300971984863,8655,1465,5186,6960,5037,64,1861,120,47849
1754598241.0246925,uwb,3,5.905158996582031,8656,1373,3925,6897,6268,60,1811,118,47894
1754598241.1350298,uwb,3,5.872326850891113,8657,1760,6953,8070,5925,68,1930,121,47912
1754598241.2640848,uwb,3,5.844184875488281,8658,1657,6777,7705,4908,64,1877,120,47859
1754598241.3744218,uwb,3,5.848875045776367,8659,1692,5565,7764,6871,68,1933,121,47834
1754598241.5034769,uwb,3,5.867636203765869,8660,1638,3263,7044,7035,68,1897,119,47884
1754598241.613814,uwb,3,5.787899971008301,8661,1360,5882,7701,7695,52,1810,117,47886
1754598241.7428691,uwb,3,5.759757995605469,8662,1555,6675,7666,6563,60,1913,119,47837
1754598241.8532062,uwb,3,5.694093227386475,8663,1806,1283,6913,7357,76,1950,124,47809
1754598241.9822614,uwb,3,5.675332069396973,8664,1205,190,6908,6870,52,1914,119,47823
1754598242.0925984,uwb,3,5.60028600692749,8665,1368,1069,6272,7293,60,2071,124,47812
1754598242.2216535,uwb,3,5.515860080718994,8666,1709,7185,7555,4432,72,1946,124,47737
1754598242.3319907,uwb,3,5.426743030548096,8667,1462,7210,8199,7543,56,1991,123,47705
1754598242.4610457,uwb,3,5.370459079742432,8668,1556,6649,7828,5486,60,1921,119,47725
1754598242.5713828,uwb,3,5.290721893310547,8669,1489,6551,7622,6245,60,1841,121,47716
1754598242.7004378,uwb,3,5.210987091064453,8670,2038,3598,7418,7990,80,2040,123,47681
1754598242.810775,uwb,3,5.135941028594971,8671,1559,6764,7995,7419,60,1982,122,47641
1754598242.93983,uwb,3,5.1593918800354,8672,1591,7475,7449,6330,64,1904,119,47651
1754598243.0501673,uwb,3,5.093728065490723,8673,1119,3238,6145,4400,56,1804,122,47658
1754598243.1792223,uwb,3,5.051514148712158,8674,1148,3076,3519,2517,64,1835,121,47595
1754598243.2895594,uwb,3,4.999919891357422,8675,1291,2204,6389,5703,56,2044,120,48083
1754598243.4186144,uwb,3,4.94832706451416,8676,1477,2111,6374,6707,68,1899,120,48080
1754598243.5289516,uwb,3,4.83106803894043,8677,1476,1261,7051,7192,64,2119,123,48070
1754598243.6589918,uwb,3,4.695046901702881,8678,1312,3623,6997,6837,56,2046,123,48017
1754598243.7693288,uwb,3,4.582479000091553,8679,1394,2448,6495,5712,64,1794,118,47949
1754598243.898384,uwb,3,4.469910144805908,8680,962,2411,3156,3670,56,1885,122,47946
1754598244.008721,uwb,3,4.3432698249816895,8681,891,1573,2909,4047,56,1887,121,47944
1754598244.1377761,uwb,3,4.347960948944092,8682,1044,1424,6021,4959,52,1805,119,47899
1754598244.2481134,uwb,3,4.272914886474609,8683,1742,3132,6564,4296,84,2123,123,47857
1754598244.3771684,uwb,3,4.183797836303711,8684,1471,560,4508,3285,64,2026,119,47848
1754598244.4875054,uwb,3,4.113442897796631,8685,1284,2815,4078,2771,72,1868,123,47853
1754598244.6165605,uwb,3,4.033707141876221,8686,1139,3389,4508,3122,68,1769,117,47790
1754598244.7268977,uwb,3,4.043087005615234,8687,1804,5092,7282,6833,76,1867,120,47762
1754598244.856938,uwb,3,3.883615016937256,8688,1655,3748,7582,7821,64,1884,120,47750
1754598244.9672751,uwb,3,3.80856990814209,8689,1788,7399,7273,4255,72,1918,119,47736
1754598245.0963302,uwb,3,3.7100720405578613,8690,1863,7850,7236,4640,72,1899,121,47667
1754598245.2066672,uwb,3,3.569361925125122,8691,1856,3204,7006,7713,72,1963,119,47622
1754598245.3357222,uwb,3,3.4896249771118164,8692,1492,4633,6272,6383,68,1696,117,47631
1754598245.4460595,uwb,3,3.3911280632019043,8693,1617,4846,7448,6239,68,2004,122,47637
1754598245.5751145,uwb,3,3.3348441123962402,8694,1754,6157,7878,6033,68,2006,120,48089
1754598245.6854515,uwb,3,3.2363460063934326,8695,248,2416,4032,2747,16,329,118,48046
1754598245.8145068,uwb,3,3.1753718852996826,8696,1862,7074,7957,5400,72,1981,121,48047
1754598245.9248438,uwb,3,3.0862550735473633,8697,1715,5122,7237,5788,72,1864,118,48033
1754598246.054884,uwb,3,3.011209011077881,8698,1643,7700,7257,6400,64,2016,120,47968
1754598246.1652212,uwb,3,2.884568929672241,8699,1928,2592,7887,7467,72,1814,117,47942
1754598246.293291,uwb,3,2.77669095993042,8700,1551,6405,7977,7977,60,2195,123,47946
1754598246.403628,uwb,3,2.6828839778900146,8701,1747,7337,7659,4961,68,2112,119,47921
1754598246.5326831,uwb,3,2.5468640327453613,8702,1955,7179,8009,5111,76,1905,120,47859
1754598246.6440055,uwb,3,2.4765079021453857,8703,1800,7452,7612,6464,76,2019,123,47836
1754598246.7730606,uwb,3,2.3686299324035645,8704,1788,7314,7467,4484,72,1894,118,47864
1754598246.8833978,uwb,3,2.3076560497283936,8705,1900,7412,7436,4605,80,1895,120,47862
1754598247.0124528,uwb,3,2.218538999557495,8706,1783,4760,7568,7126,72,1911,121,47831
1754598247.1227899,uwb,3,2.1294219493865967,8707,1760,3308,6812,7846,68,2024,121,47819
1754598247.251845,uwb,3,2.0684471130371094,8708,1844,5231,7965,7145,72,2100,122,47824
1754598247.3621821,uwb,3,1.9418079853057861,8709,1641,5691,7072,7637,64,1638,116,47824
1754598247.4912372,uwb,3,1.843309998512268,8710,2343,6733,8086,7251,92,2038,121,47768
1754598247.6015742,uwb,3,1.7823359966278076,8711,1482,7572,7250,5903,60,1879,120,47715
1754598247.7306294,uwb,3,1.61348295211792,8712,1965,8247,8089,4749,76,2086,124,47736
1754598247.8409665,uwb,3,1.5571990013122559,8713,2116,7387,7967,5246,80,1845,118,47728
1754598247.9700215,uwb,3,1.4633909463882446,8714,1958,5769,7951,7572,76,1857,123,47690
1754598248.081344,uwb,3,1.3508230447769165,8715,1819,7758,8053,7694,68,1931,118,47642
1754598248.2094138,uwb,3,1.247635006904602,8716,1542,7473,8192,7393,60,1943,122,47643
1754598248.320736,uwb,3,1.1256860494613647,8717,1736,7711,7689,5442,68,2044,120,47660
1754598248.449791,uwb,3,1.1256860494613647,8718,1470,7560,7429,7081,60,2080,121,47642
1754598248.5601282,uwb,3,0.9802849888801575,8719,1198,7335,7401,6434,48,1951,119,48099
1754598248.6891832,uwb,3,0.8395739793777466,8720,1337,7347,8034,7073,52,1942,121,47646
1754598248.7995205,uwb,3,0.7457669973373413,8721,1537,7378,7505,6167,60,1796,117,47653
1754598248.9285755,uwb,3,0.6425790190696716,8722,1729,7790,7521,6084,68,2041,120,47653
1754598249.0389125,uwb,3,0.5909850001335144,8723,1535,8145,7691,5441,60,2208,122,47660
1754598249.1679676,uwb,3,0.595674991607666,8724,1419,7548,7976,6139,56,2139,119,47784
1754598249.27929,uwb,3,0.5253199934959412,8725,1484,7432,8010,5965,56,1809,119,47849
1754598249.4073598,uwb,3,0.49717798829078674,8726,2012,7694,8075,8096,76,2040,118,47892
1754598249.5186822,uwb,3,0.38460901379585266,8727,1487,8392,8344,6592,56,2339,123,47911
1754598250.3767505,uwb,3,0.34708601236343384,8728,1937,7549,7637,7009,80,2456,121,48021
1754598250.811203,uwb,3,0.4362030029296875,8729,1647,7652,7679,6127,64,2234,119,47975
1754598250.92154,uwb,3,0.6285079717636108,8730,1586,1471,8097,7713,60,2138,120,48022
1754598251.0318773,uwb,3,1.0224980115890503,8731,1695,7175,7267,5032,68,1766,116,48175
1754598251.1619174,uwb,3,0.8536450266838074,8732,1820,7858,7637,5062,72,1875,119,47792
1754598251.2722545,uwb,3,0.8020510077476501,8733,1705,7510,7937,6295,64,1827,118,47844
1754598251.5737114,uwb,3,0.9099289774894714,8734,2158,1384,7327,7210,92,1656,118,47680
1754598251.6840484,uwb,3,1.0224980115890503,8735,1751,7681,7840,7376,68,2074,118,47827
1754598251.7943857,uwb,3,1.106924057006836,8736,1864,7987,7955,4304,72,2011,123,47933
1754598251.9047227,uwb,3,1.233564019203186,8737,1772,5567,7931,7073,68,2130,123,48092
1754598252.01506,uwb,3,1.2710870504379272,8738,1962,5032,7892,6509,76,2000,123,47714
1754598252.6445727,uwb,3,1.7401219606399536,8739,1721,2874,7426,6508,72,2071,121,47836
1754598252.75491,uwb,3,1.7917159795761108,8740,1737,6267,7034,4571,76,2028,121,47921
1754598252.883965,uwb,3,1.9277369976043701,8741,1855,4202,7803,6670,72,1789,119,48090
1754598252.994302,uwb,3,1.9934020042419434,8742,2266,4872,7599,6774,92,1868,119,47706
1754598253.123357,uwb,3,2.0825181007385254,8743,1877,1825,7565,7931,76,2014,124,47944
1754598253.2336943,uwb,3,2.246680974960327,8744,1716,3319,7070,4918,72,1837,117,48046
1754598253.3627493,uwb,3,2.453057050704956,8745,1413,1641,5240,6599,64,1906,121,47747
1754598253.4730864,uwb,3,2.495270013809204,8746,540,2613,3938,2264,36,1174,119,47868
1754598253.6021416,uwb,3,2.6594319343566895,8747,1418,4789,6648,3887,68,1868,123,47610
1754598253.7124786,uwb,3,2.814213991165161,8748,1022,561,3399,3623,60,1797,119,47687
1754598253.8405485,uwb,3,2.8986411094665527,8749,1014,524,2438,3632,56,1962,124,47873
1754598253.9508858,uwb,3,2.8611180782318115,8750,899,1236,4472,3701,60,1812,120,47961
1754598254.0799408,uwb,3,2.9267830848693848,8751,305,550,1470,1168,20,56,111,47651
1754598254.1902778,uwb,3,2.983067035675049,8752,1080,994,3856,5292,64,1960,124,47748
1754598254.3193328,uwb,3,3.0581130981445312,8753,1262,4026,5765,3582,64,1743,117,47926
1754598254.42967,uwb,3,3.16129994392395,8754,1254,1315,4333,6541,60,1862,124,48068
1754598254.558725,uwb,3,3.2175850868225098,8755,1082,2439,4658,3477,68,1890,120,47780
1754598254.6690624,uwb,3,3.3629860877990723,8756,1020,266,2423,3291,60,1884,123,47876
1754598254.7981174,uwb,3,3.5412189960479736,8757,891,607,1955,1778,60,1583,120,47057
1754598254.9084544,uwb,3,3.61157488822937,8758,422,305,2492,2292,28,855,119,47704
1754598255.260359,uwb,3,3.61157488822937,8759,714,1599,2838,1891,48,1611,120,47921
1754598255.3715641,uwb,3,3.7194530963897705,8760,843,3094,4804,2847,52,1784,123,47992
1754598255.5016344,uwb,3,3.8695449829101562,8761,1130,268,2316,3071,60,1835,121,47682
1754598255.6128392,uwb,3,8.226885795593262,8762,1406,1429,5314,6675,64,2087,121,47744
1754598255.7429094,uwb,3,6.163128852844238,8763,1278,5130,4823,3168,64,1783,118,48435
1754598255.8551073,uwb,3,8.292551040649414,8764,1019,2121,2221,2318,64,1848,121,48018
1754598255.9851775,uwb,3,6.1584391593933105,8765,996,3354,2461,1857,56,1791,122,47657
1754598256.0963824,uwb,3,3.9445900917053223,8766,946,806,944,1605,56,1932,123,46915
1754598256.2264526,uwb,3,4.0524678230285645,8767,948,838,436,1448,60,1638,116,47688
1754598256.3376577,uwb,3,4.877971172332764,8768,934,1152,1140,1164,64,1799,120,47768
1754598256.4677277,uwb,3,7.565546035766602,8769,1066,3238,1774,1952,56,1728,118,47686
1754598256.5789328,uwb,3,8.667779922485352,8770,1591,3976,7588,7159,64,1847,121,48530
1754598256.709003,uwb,3,6.055251121520996,8771,1778,2381,3932,2606,72,1958,122,48562
1754598256.8202078,uwb,3,7.753159999847412,8772,1625,857,2173,2351,68,1879,119,48652
1754598256.950278,uwb,3,4.526195049285889,8773,360,351,470,320,24,157,115,47150
1754598257.0614831,uwb,3,4.765402793884277,8774,1524,953,2707,2206,64,2063,124,46817
1754598257.1905603,uwb,3,4.793544769287109,8775,914,1432,2190,1233,44,1558,121,47609
1754598257.3017652,uwb,3,4.89204216003418,8776,1398,1691,2741,1728,56,1879,118,47732
1754598257.4318354,uwb,3,4.981159210205078,8777,1021,1547,2764,2428,48,1828,120,47963
1754598257.5430405,uwb,3,5.070275783538818,8778,890,1147,2671,2332,56,1640,116,47635
1754598257.6731105,uwb,3,5.206295967102051,8779,888,332,2331,3070,52,1707,117,47941
1754598257.7843156,uwb,3,5.239129066467285,8780,1059,2584,2063,3888,56,1796,118,48065
1754598257.9143858,uwb,3,5.300103187561035,8781,990,1020,2561,1621,52,1763,117,47797
1754598258.0255907,uwb,3,8.320693016052246,8782,943,510,1187,921,64,1751,120,48435
1754598258.1556609,uwb,3,5.511168956756592,8783,722,2114,3474,2326,48,1812,121,47792
1754598258.266866,uwb,3,5.60028600692749,8784,774,1738,3277,2072,52,1578,117,47925
1754598258.396936,uwb,3,5.698782920837402,8785,1012,2244,3171,3805,56,1944,119,47688
1754598258.508141,uwb,3,5.712854862213135,8786,1066,995,2997,3505,72,1905,123,47886
1754598258.6382113,uwb,3,5.740996837615967,8787,889,451,4417,3474,60,1745,121,47696
1754598258.749416,uwb,3,5.792591094970703,8788,1078,2134,5062,3646,64,1872,121,47849
1754598258.8794863,uwb,3,5.92392110824585,8789,813,946,3864,4911,48,1621,117,47623
1754598258.9906912,uwb,3,5.947371959686279,8790,948,1332,4618,4380,56,1849,122,47824
1754598259.1207614,uwb,3,6.008347034454346,8791,824,1041,3041,2783,52,1548,116,47636
1754598259.2319665,uwb,3,5.956752777099609,8792,880,889,1936,1936,60,1699,122,47764
1754598259.3620365,uwb,3,6.11153507232666,8793,1027,645,4420,5292,60,1834,123,48067
1754598259.4732416,uwb,3,6.1443681716918945,8794,1020,1274,4675,5036,60,1957,123,47758
1754598259.6033118,uwb,3,6.177199840545654,8795,1333,2922,7467,6967,56,2041,121,48081
1754598259.7145166,uwb,3,6.1443681716918945,8796,1076,2698,5465,4258,60,1925,119,47715
1754598259.8445868,uwb,3,6.125606060028076,8797,1397,1694,2582,4338,64,2014,123,48002
1754598259.955792,uwb,3,6.106843948364258,8798,1252,1148,5207,5087,60,1930,119,47693
1754598260.085862,uwb,3,6.06463098526001,8799,1485,1819,5940,4598,72,1972,121,48037
1754598260.197067,uwb,3,6.050559997558594,8800,1282,965,3181,3926,72,1900,120,47686
1754598260.3271372,uwb,3,5.966134071350098,8801,837,561,3668,2598,56,1778,122,47980
1754598260.438342,uwb,3,5.956752777099609,8802,900,1158,2352,2604,56,1735,116,47697
1754598260.5684123,uwb,3,5.956752777099609,8803,771,2207,1437,3209,48,1674,117,47553
1754598260.6796174,uwb,3,5.980205059051514,8804,1250,430,2019,2539,60,1851,117,47751
1754598260.8096874,uwb,3,5.998966217041016,8805,1106,1748,3977,3676,56,1834,123,48082
1754598260.9208925,uwb,3,6.06463098526001,8806,1013,1929,3431,3207,60,1732,116,47827
1754598261.0509627,uwb,3,6.055251121520996,8807,1013,2380,4817,3734,64,1808,121,47712
1754598261.1621675,uwb,3,6.07401180267334,8808,1457,638,3576,4590,64,1864,122,47941
1754598261.2922378,uwb,3,5.998966217041016,8809,1013,1403,5006,4090,56,1818,117,47767
1754598261.4034426,uwb,3,6.008347034454346,8810,1194,2699,4655,2949,60,1793,117,48051
1754598261.5335128,uwb,3,6.017727851867676,8811,1202,2370,5856,5103,60,1901,122,47955
1754598261.644718,uwb,3,6.045869827270508,8812,1011,3413,5327,3157,56,1833,118,47674
1754598261.7747881,uwb,3,6.069322109222412,8813,932,2042,2761,5178,52,1723,116,48064
1754598261.885993,uwb,3,6.069322109222412,8814,1008,189,3881,4049,64,1811,121,47890
1754598262.0160632,uwb,3,6.04118013381958,8815,752,2671,4777,3366,44,1642,117,47852
1754598262.127268,uwb,3,6.055251121520996,8816,770,3616,4378,2421,52,1622,116,47675
1754598262.2573383,uwb,3,6.116224765777588,8817,884,1280,4881,4573,52,1755,117,47622
1754598262.3685434,uwb,3,6.06463098526001,8818,949,3192,5200,3903,56,1803,121,48039
1754598262.6177616,uwb,3,6.045869827270508,8819,1658,3631,6458,6000,76,1822,117,47959
1754598262.8689659,uwb,3,5.900468826293945,8820,1642,3118,6921,6937,72,1798,122,47752
1754598262.9801707,uwb,3,5.844184875488281,8821,1796,6122,7530,5430,76,1976,122,47658
1754598263.1092482,uwb,3,5.764449119567871,8822,1509,7289,7449,4715,60,1859,120,48116
1754598263.221446,uwb,3,5.665950775146484,8823,1438,7122,7319,6980,60,1981,121,48026
1754598263.353502,uwb,3,5.586215019226074,8824,1501,1968,7337,7517,60,1977,120,47622
1754598263.464707,uwb,3,5.544002056121826,8825,1432,7304,7249,4122,60,1748,119,48059
1754598263.594777,uwb,3,5.49240779876709,8826,1493,7274,7163,6346,60,1783,116,48091
1754598263.8291018,uwb,3,5.3423171043396,8827,1805,7072,6983,4317,76,1685,117,47988
1754598263.940307,uwb,3,5.300103187561035,8828,1551,2499,8026,7393,60,2094,123,47963
1754598264.051512,uwb,3,5.1593918800354,8829,779,883,4392,3318,52,1764,120,47910
1754598264.181582,uwb,3,5.187534809112549,8830,1176,1313,4166,5779,56,1857,118,48001
1754598264.292787,uwb,3,5.056204795837402,8831,1477,1579,5488,6506,68,1891,118,48001
1754598264.4228573,uwb,3,5.023372173309326,8832,1496,3514,5770,6260,72,1784,118,47624
1754598264.5340621,uwb,3,4.835758209228516,8833,1003,3016,4366,2644,68,1847,123,48056
1754598264.6641324,uwb,3,4.709117889404297,8834,1066,1774,5385,4032,60,1752,119,47654
1754598264.7753375,uwb,3,4.699738025665283,8835,1494,2453,6209,4344,72,1787,117,47661
1754598264.9054074,uwb,3,4.596549987792969,8836,1622,5951,7521,4358,68,1971,122,47803
1754598265.0176053,uwb,3,4.530885219573975,8837,1547,1539,6950,6547,68,1868,121,47754
1754598265.1476755,uwb,3,4.385484218597412,8838,951,2657,5298,2852,56,1885,123,47869
1754598265.2588806,uwb,3,4.39017391204834,8839,1067,2634,3435,3911,60,1666,118,47875
1754598265.3889506,uwb,3,4.394865036010742,8840,1206,1639,5357,5216,68,1768,117,48079
1754598265.5011487,uwb,3,4.24946403503418,8841,1464,3783,7068,4263,64,1926,122,48058
1754598265.6312187,uwb,3,4.108753204345703,8842,1560,6551,7213,4015,68,2122,123,47678
1754598265.7424238,uwb,3,4.094682216644287,8843,1510,2794,6044,4825,76,1826,120,47708
1754598265.872494,uwb,3,3.9539709091186523,8844,1709,2706,4915,3598,72,1981,122,47914
1754598265.9836988,uwb,3,3.878925085067749,8845,1284,4253,5586,3589,64,1957,123,47925
1754598266.113769,uwb,3,3.794498920440674,8846,1015,4055,4458,3734,68,1871,120,48084
1754598266.224974,uwb,3,3.7053821086883545,8847,1090,2740,4345,2578,60,1903,123,47610
1754598266.3560371,uwb,3,3.559981107711792,8848,1340,1310,4906,4242,76,1873,121,47829
1754598266.467242,uwb,3,3.4755539894104004,8849,1023,1141,4038,3344,68,1883,123,47838
1754598266.5973122,uwb,3,3.4802451133728027,8850,1424,2269,3601,2556,80,1893,122,48043
1754598266.7085173,uwb,3,3.4708640575408936,8851,1215,2759,4740,5486,64,1741,117,47618
1754598266.8197222,uwb,3,3.4286510944366455,8852,1429,2987,6052,4251,72,1981,124,47723
1754598266.9309273,uwb,3,3.297321081161499,8853,1384,5115,7047,4761,60,1939,120,47792
1754598267.0421321,uwb,3,3.1706809997558594,8854,1793,6538,7782,6228,72,2106,123,47842
1754598267.572342,uwb,3,2.748548984527588,8855,1772,7478,7457,6493,72,2184,120,48030
1754598267.6845398,uwb,3,2.7532389163970947,8856,1529,6701,7176,6464,64,1848,116,47646
1754598267.7957447,uwb,3,2.6125290393829346,8857,1941,7246,7640,7031,76,1988,117,47771
1754598267.9069498,uwb,3,2.5046510696411133,8858,1749,7790,7675,6080,68,1895,117,47845
1754598268.03702,uwb,3,2.443675994873047,8859,1674,7476,7742,7117,68,2116,122,47644
1754598268.1482248,uwb,3,2.3686299324035645,8860,1987,7560,7338,6767,80,1854,118,47838
1754598268.593045,uwb,3,2.0590670108795166,8861,1742,6814,7853,6870,68,1832,121,48090
1754598268.7042499,uwb,3,1.9089750051498413,8862,1644,7605,7412,7179,64,1829,117,47769
1754598268.815455,uwb,3,1.7682650089263916,8863,1732,7045,7618,8039,68,1901,122,47944
1754598268.9266598,uwb,3,1.7307419776916504,8864,1379,6993,7337,6518,56,1892,116,47646
1754598269.0587158,uwb,3,1.7119799852371216,8865,1862,7561,7602,6785,76,2106,122,48030
1754598269.169921,uwb,3,1.5478179454803467,8866,1432,7370,7418,6751,60,2136,123,47772
1754598269.299991,uwb,3,1.4164880514144897,8867,1379,7069,7412,5705,56,1750,117,47650
1754598269.411196,uwb,3,1.411797046661377,8868,1841,7217,8080,7461,72,2282,124,47940
1754598269.5412662,uwb,3,1.2382539510726929,8869,998,6263,7642,7611,40,2081,122,47889
1754598269.652471,uwb,3,1.1725889444351196,8870,1536,7654,7807,6595,60,2057,120,47652
1754598269.7825413,uwb,3,1.0178070068359375,8871,1649,6971,8040,7963,64,1974,122,48076
1754598269.8937464,uwb,3,0.9802849888801575,8872,2031,7655,7760,6461,80,1821,120,47843
1754598270.1292534,uwb,3,0.8630260229110718,8873,1659,7380,7412,7296,68,1946,116,47818
1754598270.2408965,uwb,3,0.848954975605011,8874,1527,8102,7930,5899,60,2125,122,47594
1754598270.371479,uwb,3,0.7973610162734985,8875,1529,8135,7748,5760,60,2074,122,48041
1754598270.4831223,uwb,3,0.6285079717636108,8876,1641,7917,8159,7982,64,2092,122,47884
1754598270.613705,uwb,3,0.6331980228424072,8877,1624,7828,7762,6728,64,2038,118,47840
1754598270.725348,uwb,3,0.5722240209579468,8878,1806,7396,7778,7263,72,1757,117,47648
1754598270.8559306,uwb,3,0.4690360128879547,8879,2130,7203,7120,6882,84,1865,117,48030
1754598270.9675736,uwb,3,0.4080609977245331,8880,1419,8053,8061,7764,56,2223,121,47833
1754598271.0981562,uwb,3,0.34239599108695984,8881,1910,7991,7664,7306,76,2126,123,47706
1754598271.210796,uwb,3,0.24389900267124176,8882,1922,8018,8095,8022,76,2317,124,47957
1754598271.3413787,uwb,3,0.25797000527381897,8883,1725,8200,7876,7379,68,2184,124,47774
1754598271.4530218,uwb,3,0.23920799791812897,8884,1956,7661,7715,4635,80,2072,122,48053
1754598271.5836043,uwb,3,0.3142539858818054,8885,1540,7927,7831,5242,60,2033,120,47920
1754598271.6952477,uwb,3,0.3189440071582794,8886,1584,7317,8055,6802,60,1852,120,47711
1754598271.8258302,uwb,3,0.3986800014972687,8887,1294,6663,7185,6094,52,1943,117,48033
1754598271.9374733,uwb,3,0.5112490057945251,8888,1668,1365,7117,7007,68,1795,117,47830
1754598272.067059,uwb,3,0.6425790190696716,8889,1738,7536,7577,5912,68,1913,117,47717
1754598272.178702,uwb,3,0.595674991607666,8890,1184,7527,7787,7297,48,2131,123,48016
1754598272.3092847,uwb,3,0.6894819736480713,8891,1933,5099,8009,7642,76,2068,122,47876
1754598272.4209278,uwb,3,0.7457669973373413,8892,1564,7028,7547,6013,64,1802,120,47651
1754598272.5515103,uwb,3,0.8114320039749146,8893,1426,7150,7651,7110,56,1827,119,48092
1754598272.6631534,uwb,3,0.9474520087242126,8894,1945,7302,7943,7676,76,2137,119,47831
1754598272.793736,uwb,3,1.0506399869918823,8895,1341,7657,7946,7104,52,1983,122,47710
1754598272.9063761,uwb,3,1.0459500551223755,8896,1331,6529,8127,7924,52,2262,123,48021
1754598273.0369587,uwb,3,1.106924057006836,8897,1872,7382,7778,6945,76,2081,122,47901
1754598273.1486018,uwb,3,1.2241829633712769,8898,1577,7559,7707,6727,64,2010,123,47713
1754598273.2791843,uwb,3,1.308609962463379,8899,1715,7330,7235,7094,72,1998,122,48092
1754598273.3908274,uwb,3,1.4493199586868286,8900,1986,5875,7421,5205,84,1971,123,47915
1754598273.52141,uwb,3,1.5431269407272339,8901,1533,4615,7487,5654,64,1964,122,47848
1754598273.633053,uwb,3,1.61348295211792,8902,1622,6190,7548,5291,68,2294,123,47660
1754598273.7636356,uwb,3,1.7354320287704468,8903,1814,2440,7043,6526,76,1887,117,48085
1754598273.8752787,uwb,3,1.7823359966278076,8904,1019,3228,4703,2819,64,1759,119,47927
1754598274.0058613,uwb,3,1.8949040174484253,8905,1259,822,4921,6639,60,2038,123,47874
1754598274.1175046,uwb,3,1.9980920553207397,8906,1715,5908,7289,4527,72,1714,119,47669
1754598274.4982872,uwb,3,2.2935850620269775,8907,1430,4279,7101,6097,60,1809,116,47837
1754598274.7574587,uwb,3,2.4624369144439697,8908,1980,728,6307,7141,84,1867,120,47617
1754598274.889038,uwb,3,2.6312899589538574,8909,1553,2449,7050,7122,68,1885,122,47627
1754598275.0006814,uwb,3,2.6828839778900146,8910,889,2574,3150,3827,60,1550,116,47939
1754598275.1322608,uwb,3,2.9127120971679688,8911,852,415,3827,4437,56,1639,120,48003
1754598275.2439039,uwb,3,2.8986411094665527,8912,1082,527,3003,3288,60,1791,123,47817
1754598275.3744864,uwb,3,3.1003260612487793,8913,889,2964,4043,2560,56,1584,117,47924
1754598275.4861295,uwb,3,3.095634937286377,8914,955,293,3554,3309,56,1849,123,47824
1754598275.616712,uwb,3,3.133157968521118,8915,1222,1250,3077,2150,68,1803,120,47916
1754598275.7283552,uwb,3,3.273869037628174,8916,906,749,4305,3919,60,1733,119,47824
1754598275.8589377,uwb,3,3.367676019668579,8917,1205,1775,3689,2615,72,1714,119,47980
1754598275.9705808,uwb,3,3.4943161010742188,8918,1133,539,2600,2758,68,1823,121,47949
1754598276.1011634,uwb,3,3.574052095413208,8919,1210,699,2949,2680,64,1728,117,47628
1754598276.2128065,uwb,3,3.67254900932312,8920,1015,258,1361,1822,60,1740,119,48070
1754598276.3433893,uwb,3,3.7147629261016846,8921,1140,1508,2945,1982,64,1747,123,47728
1754598276.4550323,uwb,3,3.841402053833008,8922,1198,292,2633,2769,60,1926,123,46660
1754598276.585615,uwb,3,4.010254859924316,8923,1410,305,1687,2326,72,1715,117,47875
1754598276.697258,uwb,3,8.409810066223145,8924,1610,6669,7257,6258,68,1842,120,48676
1754598276.8278406,uwb,3,4.915493965148926,8925,1428,179,1687,1526,60,1823,117,47889
1754598276.9394836,uwb,3,4.075920104980469,8926,1142,859,3646,3151,64,1761,122,47828
1754598277.0700662,uwb,3,4.047778129577637,8927,1335,1021,3392,3842,64,1713,122,47949
1754598277.182706,uwb,3,4.071229934692383,8928,775,908,4442,3597,52,1760,121,47835
1754598277.3122919,uwb,3,4.272914886474609,8929,1281,1364,1362,2778,56,1793,121,48072
1754598277.423935,uwb,3,7.490499973297119,8930,1311,1366,1668,1090,60,1832,122,47666
1754598277.5545175,uwb,3,6.313220977783203,8931,891,385,1023,869,52,1701,118,47644
1754598277.6661608,uwb,3,4.441768169403076,8932,892,1333,1791,1280,52,1600,116,47593
1754598277.7967434,uwb,3,6.092772960662842,8933,1255,594,488,1358,60,1754,118,47811
1754598277.9083865,uwb,3,5.468955993652344,8934,998,98,1095,750,56,1661,116,47795
1754598278.038969,uwb,3,6.134986877441406,8935,1198,401,921,1434,60,2026,124,46984
1754598278.150612,uwb,3,4.788855075836182,8936,1074,388,879,1634,64,1751,118,48003
1754598278.2811947,uwb,3,4.938945770263672,8937,1064,167,1608,1969,60,1720,121,47748
1754598278.3928378,uwb,3,8.97734260559082,8938,1335,4938,6256,5000,64,1860,122,48100
1754598278.5234203,uwb,3,5.028061866760254,8939,1136,461,1295,1777,64,1735,118,48005
1754598278.6350634,uwb,3,5.046823978424072,8940,889,2261,2999,1761,60,1771,122,47997
1754598278.8862605,uwb,3,5.164083003997803,8941,885,520,1929,2063,60,1831,122,47884
1754598278.9979036,uwb,3,5.445504188537598,8942,886,395,1258,795,56,1693,120,47539
1754598279.1095467,uwb,3,5.370459079742432,8943,833,2117,2771,1683,56,1928,124,47033
1754598279.22119,uwb,3,5.445504188537598,8944,301,567,1606,1969,20,821,117,47682
1754598279.3517725,uwb,3,5.539310932159424,8945,1394,1429,1230,2471,64,1849,121,48069
1754598279.4634156,uwb,3,6.500833988189697,8946,814,1345,2125,1557,48,1614,117,47853
1754598279.5939982,uwb,3,5.642498970031738,8947,365,843,2376,1560,24,620,118,48050
1754598279.7056413,uwb,3,5.745687007904053,8948,1004,2019,4752,3552,60,1615,117,47716
1754598279.8362238,uwb,3,6.317911148071289,8949,830,682,952,897,52,1684,118,47647
1754598279.947867,uwb,3,5.820733070373535,8950,662,1975,3346,2327,44,1595,118,47788
1754598280.0784495,uwb,3,5.886397838592529,8951,871,446,4193,5173,48,1727,117,47682
1754598280.1900926,uwb,3,5.919229984283447,8952,1041,2436,4749,3176,52,1670,116,47921
1754598280.5858276,uwb,3,6.050559997558594,8953,1016,3237,5206,3555,60,1926,123,47790
1754598280.8320405,uwb,3,6.167819023132324,8954,1074,2319,5003,3961,64,1784,122,47965
1754598280.9626231,uwb,3,6.125606060028076,8955,1150,2766,4163,2676,64,1808,121,47859
1754598281.0742662,uwb,3,6.092772960662842,8956,935,1165,2043,1336,52,1556,116,48050
1754598281.2048488,uwb,3,6.271007061004639,8957,1264,1575,5799,5379,64,2045,123,48018
1754598281.316492,uwb,3,6.210031986236572,8958,1205,2105,4077,3696,68,1916,123,47764
1754598281.4470747,uwb,3,6.214723110198975,8959,993,2263,4789,5775,52,1831,121,47683
1754598281.5587177,uwb,3,6.163128852844238,8960,1012,1616,5284,4233,56,1798,121,47899
1754598281.6893003,uwb,3,6.078701972961426,8961,951,1532,3618,2754,56,1691,117,47845
1754598281.8009434,uwb,3,6.134986877441406,8962,1009,2671,4429,5024,60,1797,122,47626
1754598281.931526,uwb,3,6.186581134796143,8963,777,1979,3969,3360,52,1660,118,48088
1754598282.043169,uwb,3,6.1584391593933105,8964,1273,2050,4200,3971,68,1837,122,47820
1754598282.1737516,uwb,3,6.205341815948486,8965,1258,2236,5201,5007,60,2040,123,47823
1754598282.2853947,uwb,3,6.1584391593933105,8966,1085,3335,5533,3736,60,2045,123,47599
1754598282.416974,uwb,3,6.163128852844238,8967,1007,1646,3575,4612,60,1719,118,48068
1754598282.5286171,uwb,3,6.18189001083374,8968,1085,792,3682,4073,64,1929,122,47820
1754598282.6582031,uwb,3,6.130296230316162,8969,665,1590,3021,2779,44,1684,121,47816
1754598282.7698462,uwb,3,6.11153507232666,8970,834,1475,2763,1598,56,1575,119,47611
1754598282.9004288,uwb,3,6.134986877441406,8971,772,2853,2576,2464,52,1799,122,47570
1754598283.0120718,uwb,3,6.134986877441406,8972,948,4067,3942,2310,64,1743,123,47866
1754598283.1426544,uwb,3,6.172510147094727,8973,948,3957,5105,4363,56,1773,119,47892
1754598283.2552943,uwb,3,6.1443681716918945,8974,894,2173,4310,4964,52,1834,120,47689
1754598283.38488,uwb,3,6.106843948364258,8975,838,3783,4605,3373,52,1644,118,47655
1754598283.4965231,uwb,3,6.078701972961426,8976,1130,2622,5560,4476,60,1897,120,47964
1754598283.6271057,uwb,3,6.088082790374756,8977,1078,4154,5324,3032,60,1828,120,47995
1754598283.738749,uwb,3,6.12091588973999,8978,940,2509,5177,4471,52,1657,117,47827
1754598283.8693316,uwb,3,6.102153778076172,8979,1116,4418,6034,3579,56,1859,121,47866
1754598283.9809747,uwb,3,6.102153778076172,8980,1033,4504,5723,3521,52,1613,116,47670
1754598284.112554,uwb,3,6.12091588973999,8981,1071,1443,3404,3842,64,1718,118,47751
1754598284.2241971,uwb,3,6.139677047729492,8982,1142,3124,4944,3525,68,1666,116,48106
1754598284.3547797,uwb,3,6.12091588973999,8983,1374,5268,6963,5921,60,1765,119,47644
1754598284.4664228,uwb,3,6.06463098526001,8984,1152,5789,7367,5071,48,1685,120,47982
1754598284.5970054,uwb,3,6.008347034454346,8985,1750,7298,7641,4053,68,1778,118,48062
1754598284.7086484,uwb,3,5.99427604675293,8986,1712,7512,7468,4279,72,1754,121,47929
1754598284.8402278,uwb,3,5.900468826293945,8987,1751,6739,7821,7483,68,1868,120,48024
1754598284.951871,uwb,3,5.862946033477783,8988,2073,7166,7180,4239,88,1768,119,47865
1754598285.129209,uwb,3,5.848875045776367,8989,1474,6621,6833,5098,64,1796,116,47977
1754598285.2410696,uwb,3,5.853565216064453,8990,1621,3698,7651,7266,68,2120,124,47896
1754598285.3719063,uwb,3,5.783209800720215,8991,1678,7776,7378,4299,68,2098,123,47991
1754598285.4837666,uwb,3,5.708164215087891,8992,1777,7731,7662,4161,72,2009,121,47870
1754598285.6146033,uwb,3,5.717545032501221,8993,1676,6478,7559,7106,68,1932,118,48029
1754598285.7264638,uwb,3,5.647190093994141,8994,1773,4619,7383,7233,72,1845,117,47953
1754598285.8573005,uwb,3,5.665950775146484,8995,1650,6398,7692,6594,64,1758,116,48094
1754598285.9691608,uwb,3,5.619048118591309,8996,1496,7126,7636,6018,60,1849,120,47972
1754598286.1009963,uwb,3,5.581524848937988,8997,1265,1569,3955,2492,64,1719,119,47670
1754598286.2128568,uwb,3,5.501789093017578,8998,1648,1599,2106,1460,64,1940,121,47600
1754598286.3436935,uwb,3,5.473647117614746,8999,1350,3570,4023,3576,56,1829,119,47767
1754598286.4555538,uwb,3,5.497097969055176,9000,1306,2851,3788,3054,52,1832,118,47696
1754598286.5863905,uwb,3,5.182844161987305,9001,1343,825,1713,1181,56,1855,118,47855
1754598286.6982508,uwb,3,5.234437942504883,9002,1314,1247,3728,3014,60,1800,116,47836
1754598286.8290875,uwb,3,5.286032199859619,9003,1414,1152,3300,3778,68,2099,123,48011
1754598286.940948,uwb,3,5.103107929229736,9004,1199,1210,5213,4813,52,1822,117,47960
1754598287.0717847,uwb,3,5.065586090087891,9005,1707,4361,5252,2877,72,2031,121,47678
1754598287.183645,uwb,3,4.985848903656006,9006,1253,1784,5080,3635,60,1990,119,47658
1754598287.3144817,uwb,3,4.835758209228516,9007,1229,462,3294,2607,56,1776,118,47844
1754598287.4263422,uwb,3,4.83106803894043,9008,1116,2546,3154,2855,56,1849,118,47832
1754598287.678028,uwb,3,4.723188877105713,9009,1197,2677,4710,5430,60,1795,119,47688
1754598287.7898884,uwb,3,4.57778787612915,9010,1537,4519,7413,5351,64,1963,121,48104
1754598287.901749,uwb,3,4.483981132507324,9011,1708,7095,7107,4220,72,1903,120,48056
1754598288.1634223,uwb,3,4.286985874176025,9012,1357,6969,7304,4829,56,1971,118,47985
1754598288.294259,uwb,3,4.258843898773193,9013,1492,2813,6074,4280,72,1413,116,47724
1754598288.4061193,uwb,3,4.155655860900879,9014,1559,2458,4051,4179,68,1868,119,47696
1754598288.536956,uwb,3,4.0806097984313965,9015,1336,1992,3330,4136,64,1818,117,48001
1754598288.6488163,uwb,3,3.9774229526519775,9016,1214,2286,3284,2972,64,1684,117,48004
1754598288.779653,uwb,3,4.000874996185303,9017,1219,3505,4315,4054,72,1864,121,47760
1754598288.8915136,uwb,3,3.9117579460144043,9018,1463,3770,6681,5179,64,1700,118,47779
1754598289.023349,uwb,3,3.883615016937256,9019,1565,5648,7582,5487,60,1790,118,48106
1754598289.1352093,uwb,3,3.7898080348968506,9020,714,1887,5750,4557,36,689,118,47652
1754598289.2650473,uwb,3,3.7147629261016846,9021,1624,1367,7237,7233,68,1849,120,47950
1754598289.3779066,uwb,3,3.630336046218872,9022,1694,2491,5511,7591,68,1963,122,48000
1754598289.5077446,uwb,3,3.569361925125122,9023,1569,2649,5515,6368,72,1655,116,47820
1754598289.6206036,uwb,3,3.4192700386047363,9024,1974,5461,7616,5737,80,1919,121,47910
1754598289.7514403,uwb,3,3.35829496383667,9025,1629,4467,7205,5390,68,1869,117,47721
1754598289.8633008,uwb,3,3.2269649505615234,9026,1305,6513,7428,5566,52,1823,116,47785
1754598289.9941375,uwb,3,3.1847519874572754,9027,1677,6842,7338,6596,68,1907,118,47647
1754598290.1059978,uwb,3,3.053421974182129,9028,1788,7329,7187,6815,72,1756,117,47767
1754598290.2368345,uwb,3,2.978377103805542,9029,1866,7371,7381,4708,76,1751,116,48115
